auction_date,settlement_date,maturity_date,term_days,term_bucket,series,isin,total_bids_chf_mn,bids_no_price_chf_mn,issue_volume_chf_mn,bid_cover,price,yield_pct
2012-01-03,2012-01-05,2012-04-05,91,91d,3.7947,CH0036179478,833.8,187.35,725.55,1.1492,100.101,-0.399157
2012-01-10,2012-01-12,2013-01-10,364,364d,A.7948,CH0036179486,2668.75,12.75,512.75,5.2048,100.254,-0.250572
2012-01-17,2012-01-19,2012-04-19,91,91d,3.7949,CH0036179494,1668.95,135.2,561.7,2.9712,100.059,-0.233269
2012-01-24,2012-01-26,2012-04-26,91,91d,3.795,CH0036179502,1007.65,11.25,1004.65,1.003,100.0,0.0
2012-01-31,2012-02-02,2012-05-03,91,91d,3.7951,CH0036179510,5702.0,25.55,1160.9,4.9117,100.013,-0.051422
2012-02-07,2012-02-09,2012-05-10,91,91d,3.7952,CH0036179528,4908.45,71.75,1414.15,3.471,100.025,-0.098876
2012-02-14,2012-02-16,2012-05-18,92,91d,3.7953,CH0036179536,4192.8,36.0,1142.8,3.6689,100.013,-0.050863
2012-02-21,2012-02-23,2012-08-23,182,182d,6.7954,CH0036179544,4037.7,18.4,2512.0,1.6074,100.05,-0.098852
2012-02-28,2012-03-01,2012-05-31,91,91d,3.7955,CH0036179551,3659.05,214.8,803.05,4.5564,100.025,-0.098876
2012-03-06,2012-03-08,2012-06-07,91,91d,3.7956,CH0036179569,6190.45,45.2,837.1,7.3951,100.025,-0.098876
2012-03-13,2012-03-15,2012-06-14,91,91d,3.7957,CH0036179577,3537.8,104.15,953.95,3.7086,100.025,-0.098876
2012-03-20,2012-03-22,2012-06-21,91,91d,3.7958,CH0036179585,4052.35,122.7,791.35,5.1208,100.025,-0.098876
2012-03-27,2012-03-29,2012-06-28,91,91d,3.7959,CH0036179593,5518.9,141.05,1135.9,4.8586,100.025,-0.098876
2012-04-03,2012-04-05,2012-07-05,91,91d,3.796,CH0036179601,4274.15,9.35,521.15,8.2014,100.025,-0.098876
2012-04-10,2012-04-12,2012-10-11,182,182d,6.7961,CH0036179619,5442.25,210.2,710.2,7.663,100.127,-0.25089
2012-04-17,2012-04-19,2012-07-19,91,91d,3.7962,CH0036179627,4077.55,111.05,699.55,5.8288,100.051,-0.201655
2012-04-24,2012-04-26,2012-07-26,91,91d,3.7963,CH0036179635,6586.4,20.15,922.5,7.1397,100.04,-0.158178
2012-04-30,2012-05-03,2012-08-02,91,91d,3.7964,CH0036179643,1407.25,6.85,788.35,1.7851,100.04,-0.158178
2012-05-08,2012-05-10,2012-08-09,91,91d,3.7965,CH0036179650,4362.8,2.8,1043.9,4.1793,100.041,-0.162131
2012-05-15,2012-05-18,2012-08-16,90,91d,3.7966,CH0036179668,4352.8,2.5,1344.9,3.2365,100.05,-0.1999
2012-05-22,2012-05-24,2012-11-22,182,182d,6.7967,CH0036179676,3597.45,216.6,732.7,4.9099,100.161,-0.31795
2012-05-29,2012-05-31,2012-08-30,91,91d,3.7968,CH0036179684,4159.15,18.05,688.8,6.0383,100.157,-0.620125
2012-06-05,2012-06-07,2012-09-06,91,91d,3.7969,CH0036179692,4079.85,222.05,755.6,5.3995,100.19,-0.750223
2012-06-12,2012-06-14,2012-09-13,91,91d,3.7970,CH0036179700,3892.1,96.6,761.3,5.1124,100.2,-0.78963
2012-06-19,2012-06-21,2012-09-20,91,91d,3.7971,CH0036179718,3447.35,204.05,804.0,4.2877,100.2,-0.78963
2012-06-26,2012-06-28,2012-09-27,91,91d,3.7972,CH0036179726,3639.6,174.25,790.7,4.603,100.215,-0.848725
2012-07-03,2012-07-05,2012-10-04,91,91d,3.7973,CH0036179734,3608.9,74.35,595.0,6.0654,100.213,-0.840846
2012-07-10,2012-07-12,2013-07-11,364,364d,A.7974,CH0036179742,1713.55,204.3,358.2,4.7838,100.51,-0.501836
2012-07-17,2012-07-19,2012-10-18,91,91d,3.7975,CH0036179759,2054.55,72.05,475.55,4.3204,100.177,-0.698983
2012-07-24,2012-07-26,2012-10-25,91,91d,3.7976,CH0036179767,2430.5,24.2,688.45,3.5304,100.152,-0.6
2012-07-31,2012-08-02,2012-11-01,91,91d,3.7977,CH0036179775,3189.7,39.75,661.15,4.8245,100.156,-0.616
2012-08-07,2012-08-09,2012-11-08,91,91d,3.7978,CH0036179783,2923.45,48.2,699.9,4.177,100.15,-0.593
2012-08-14,2012-08-16,2012-11-15,91,91d,3.7979,CH0036179791,3462.65,11.3,789.1,4.3881,100.14,-0.553
2012-08-21,2012-08-23,2013-02-21,182,182d,6.7980,CH0036179809,4555.9,6.35,760.9,5.9875,100.203,-0.401
2012-08-28,2012-08-30,2012-11-29,91,91d,3.7981,CH0036179817,2852.85,35.2,952.3,2.9957,100.089,-0.352
2012-09-04,2012-09-06,2012-12-06,91,91d,3.7982,CH0036179825,2847.55,54.2,784.0,3.6321,100.101,-0.399
2012-09-11,2012-09-13,2012-12-13,91,91d,3.7983,CH0036179833,3874.6,56.05,931.05,4.1615,100.076,-0.3
2012-09-18,2012-09-20,2012-12-20,91,91d,3.7984,CH0036179841,4299.1,84.5,765.25,5.6179,100.056,-0.221
2012-09-25,2012-09-27,2012-12-27,91,91d,3.7985,CH0036179858,3856.6,88.85,747.75,5.1576,100.056,-0.221
2012-10-02,2012-10-04,2013-01-03,91,91d,3.7986,CH0036179866,3012.2,84.65,748.65,4.0235,100.056,-0.221
2012-10-09,2012-10-11,2013-04-11,182,182d,6.7987,CH0036179867,2822.9,2.6,817.9,3.4514,100.08,-0.158
2012-10-16,2012-10-18,2013-01-17,91,91d,3.7988,CH0036179882,4213.9,26.4,790.9,5.328,100.056,-0.221
2012-10-23,2012-10-25,2013-01-24,91,91d,3.7989,CH0036179890,4888.85,23.3,850.3,5.7496,100.058,-0.229
2012-10-30,2012-11-01,2013-01-31,91,91d,3.7990,CH0036179908,3589.5,26.85,790.95,4.5382,100.056,-0.221
2012-11-06,2012-11-08,2013-02-07,91,91d,3.7991,CH0036179916,3167.15,19.9,802.6,3.9461,100.043,-0.17
2012-11-13,2012-11-15,2013-02-14,91,91d,3.7992,CH0036179924,4504.05,67.0,694.5,6.4853,100.056,-0.221
2012-11-20,2012-11-22,2013-05-23,182,182d,6.7993,CH0036179932,4751.0,19.25,881.0,5.3927,100.09,-0.177862
2012-11-27,2012-11-29,2013-02-28,91,91d,3.7994,CH0036179940,3548.55,42.35,974.55,3.6412,100.05,-0.197703
2012-12-04,2012-12-06,2013-03-07,91,91d,3.7995,CH0036179957,5303.65,32.65,1174.65,4.5151,100.076,-0.3
2012-12-11,2012-12-13,2013-03-14,91,91d,3.7996,CH0036179965,2767.55,29.55,799.55,3.4614,100.061,-0.241
2012-12-18,2012-12-20,2012-03-21,91,91d,3.7997,CH0036179973,2550.7,89.15,1047.7,2.4346,100.035,-0.138
2012-12-24,2012-12-27,2012-03-28,91,91d,3.7998,CH0036179981,3265.8,113.1,1000.8,3.2632,100.055,-0.217
2012-12-31,2013-01-03,2013-04-04,91,91d,3.7999,CH0036179999,3702.45,115.45,1037.45,3.5688,100.055,-0.217
2013-01-08,2013-01-10,2014-01-09,364,364d,A.8000,CH0036180005,4458.1,8.1,1188.1,3.7523,100.152,-0.15
2013-01-15,2013-01-17,2013-04-18,91,91d,3.8001,CH0036180013,4485.65,32.15,997.65,4.4962,100.025,-0.099
2013-01-22,2013-01-24,2013-04-25,91,91d,3.8002,CH0036180021,5281.95,6.45,978.95,5.3955,100.026,-0.10283
2013-01-29,2013-01-31,2013-05-02,91,91d,3.8003,CH0036180039,3814.2,8.45,771.2,4.9458,100.022,-0.087014
2013-02-05,2013-02-07,2013-05-10,92,91d,3.8004,CH0036180047,4781.8,202.3,938.8,5.0935,100.023,-0.09
2013-02-12,2013-02-14,2013-05-16,91,91d,3.8005,CH0036180054,5622.0,1.5,1239.0,4.5375,100.023,-0.091
2013-02-19,2013-02-21,2013-08-22,182,182d,6.8006,CH0036180062,5028.75,22.7,813.75,6.1797,100.039,-0.077113
2013-02-26,2013-02-28,2013-05-30,91,91d,3.8007,CH0036180070,4442.15,16.65,1159.15,3.8322,100.026,-0.103
2013-03-05,2013-03-07,2013-06-06,91,91d,3.8008,CH0036180088,6212.7,49.65,854.7,7.2689,100.026,-0.103
2013-03-12,2013-03-14,2013-06-13,91,91d,3.8009,CH0036180096,4116.9,18.5,799.5,5.1493,100.027,-0.107
2013-03-19,2013-03-21,2013-06-20,91,91d,3.8010,CH0036180104,4359.2,14.0,906.2,4.8104,100.028,-0.111
2013-03-26,2013-03-28,2013-06-27,91,91d,3.8011,CH0036180112,3911.6,77.9,1003.5,3.898,100.031,-0.123
2013-04-02,2013-04-04,2013-07-04,91,91d,3.8012,CH0036180120,4519.45,61.2,946.2,4.7764,100.032,-0.127
2013-04-09,2013-04-11,2013-10-10,182,182d,6.8013,CH0036180138,5342.3,8.05,972.05,5.4959,100.06,-0.119
2013-04-16,2013-04-18,2013-07-18,91,91d,3.8014,CH0036180146,4829.7,20.7,800.7,6.0318,100.028,-0.111
2013-04-23,2013-04-25,2013-07-25,91,91d,3.8015,CH0036180153,5099.95,13.45,753.95,6.7643,100.028,-0.111
2013-04-30,2013-05-02,2013-08-02,92,91d,3.8016,CH0036180161,4700.2,9.65,684.2,6.8696,100.032,-0.125
2013-05-07,2013-05-10,2013-08-08,90,91d,3.8017,CH0036180179,4824.3,3.3,854.3,5.6471,100.029,-0.116
2013-05-14,2013-05-16,2013-08-15,91,91d,3.8018,CH0036180187,4662.5,0.15,869.5,5.3623,100.03,-0.119
2013-05-21,2013-05-23,2013-11-21,182,182d,6.8019,CH0036180195,5304.05,7.7,924.05,5.74,100.06,-0.119
2013-05-28,2013-05-30,2013-08-29,91,91d,3.8020,CH0036180203,4009.9,3.85,506.9,7.9106,100.031,-0.122599
2013-06-04,2013-06-06,2013-09-05,91,91d,3.8021,CH0036180211,3364.85,16.35,756.85,4.4459,100.032,-0.126553
2013-06-11,2013-06-13,2013-09-12,91,91d,3.8022,CH0036180229,3391.2,87.15,847.2,4.0028,100.03,-0.118646
2013-06-18,2013-06-20,2013-09-19,91,91d,3.8023,CH0036180237,4854.8,40.4,901.8,5.3835,100.031,-0.123
2013-06-25,2013-06-27,2013-09-26,91,91d,3.8024,CH0036180245,3799.9,69.4,711.9,5.3377,100.034,-0.134
2013-07-02,2013-07-04,2013-10-03,91,91d,3.8025,CH0036180252,3843.05,57.05,540.05,7.1161,100.031,-0.123
2013-07-09,2013-07-11,2014-07-10,364,364d,A.8026,CH0036180260,8602.5,4.25,1054.5,8.1579,100.08,-0.079058
2013-07-16,2013-07-18,2013-10-17,91,91d,3.8027,CH0036180278,3091.45,25.7,538.2,5.7441,100.021,-0.083
2013-07-23,2013-07-25,2013-10-24,91,91d,3.8028,CH0036180286,3301.9,3.3,758.8,4.3515,100.022,-0.087014
2013-07-30,2013-08-02,2013-10-31,90,91d,3.8029,CH0036180294,8431.9,9.8,818.9,10.2966,100.024,-0.096
2013-08-06,2013-08-08,2013-11-07,91,91d,3.8030,CH0036180302,3013.15,3.8,810.15,3.7192,100.022,-0.087014
2013-08-13,2013-08-15,2013-11-14,91,91d,3.8031,CH0036180310,3692.4,0.2,689.4,5.356,100.022,-0.087014
2013-08-20,2013-08-22,2014-02-20,182,182d,6.8032,CH0036180328,2903.15,5.55,697.15,4.1643,100.032,-0.063276
2013-08-27,2013-08-29,2013-11-28,91,91d,3.8033,CH0036180336,3681.15,32.15,681.15,5.4043,100.011,-0.044
2013-09-03,2013-09-05,2013-12-05,91,91d,3.8034,CH0036180344,4972.3,63.35,768.65,6.4689,100.015,-0.059
2013-09-10,2013-09-12,2013-12-12,91,91d,3.8035,CH0036180351,4362.1,60.8,622.1,7.0119,100.019,-0.075
2013-09-17,2013-09-19,2013-12-19,91,91d,3.8036,CH0036180369,4348.4,94.45,828.4,5.2492,100.021,-0.083
2013-09-24,2013-09-26,2013-12-27,92,91d,3.8037,CH0036180377,3432.4,270.5,582.4,5.8935,100.021,-0.082157
2013-10-01,2013-10-03,2014-01-03,92,91d,3.8038,CH0036180385,3844.4,105.4,594.4,6.4677,100.022,-0.086068
2013-10-08,2013-10-10,2014-04-10,182,182d,6.8039,CH0036180393,4559.45,12.1,631.45,7.2206,100.035,-0.069207
2013-10-15,2013-10-17,2014-01-16,91,91d,3.8040,CH0036180401,5122.1,42.2,713.1,7.1829,100.023,-0.090968
2013-10-22,2013-10-24,2014-01-23,91,91d,3.8041,CH0036180419,3787.85,0.1,772.6,4.9027,100.023,-0.090968
2013-10-29,2013-10-31,2014-01-30,91,91d,3.8042,CH0036180427,4999.75,37.4,999.75,5.001,100.024,-0.094922
2013-11-05,2013-11-07,2014-02-06,91,91d,3.8043,CH0036180435,4826.2,23.2,631.7,7.64,100.025,-0.099
2013-11-12,2013-11-14,2014-02-13,91,91d,3.8044,CH0036180443,5289.1,21.6,1064.1,4.9705,100.025,-0.099
2013-11-19,2013-11-21,2014-05-22,182,182d,6.8045,CH0036180450,4833.2,32.75,783.2,6.1711,100.031,-0.061
2013-11-26,2013-11-28,2014-02-27,91,91d,3.8046,CH0036180468,4503.55,15.25,573.55,7.8521,100.026,-0.103
2013-12-03,2013-12-05,2014-03-06,91,91d,3.8047,CH0036180476,5589.45,74.95,744.45,7.5082,100.03,-0.118646
2013-12-10,2013-12-12,2014-03-13,91,91d,3.8048,CH0036180484,4477.4,135.6,877.4,5.103,100.035,-0.138413
2013-12-17,2013-12-19,2014-03-20,91,91d,3.8049,CH0036180492,5315.9,292.95,545.9,9.7379,100.05,-0.197703
2013-12-24,2013-12-27,2013-03-27,90,91d,3.8050,CH0036180500,4905.15,88.2,505.15,9.7103,100.025,-0.099975
2013-12-31,2014-01-03,2014-04-03,90,91d,3.8051,CH0036180518,2204.55,49.55,704.55,3.129,100.02,-0.079984
2014-01-07,2014-01-09,2015-01-08,364,364d,A.8052,CH0036180526,3589.3,9.3,899.3,3.9912,100.055,-0.054366
2014-01-14,2014-01-16,2014-04-17,91,91d,3.8053,CH0036180534,6235.5,33.5,655.5,9.5126,100.018,-0.071196
2014-01-21,2014-01-23,2014-04-24,91,91d,3.8054,CH0036180542,5272.2,31.7,907.2,5.8115,100.018,-0.071196
2014-01-28,2014-01-30,2014-05-02,92,91d,3.8055,CH0036180559,4302.15,5.05,682.15,6.3068,100.023,-0.089979
2014-02-04,2014-02-06,2014-05-08,91,91d,3.8056,CH0036180567,4651.5,6.4,787.9,5.9037,100.027,-0.106784
2014-02-11,2014-02-13,2014-05-15,91,91d,3.8057,CH0036180575,4044.8,84.3,814.8,4.9642,100.023,-0.090968
2014-02-18,2014-02-20,2014-08-21,182,182d,6.8058,CH0036180583,3847.0,3.0,847.0,4.5419,100.036,-0.071183
2014-02-25,2014-02-27,2014-05-30,92,91d,3.8059,CH0036180591,4723.1,17.95,568.1,8.3139,100.026,-0.101713
2014-03-04,2014-03-06,2014-06-05,91,91d,3.8060,CH0036180609,3894.45,104.15,844.45,4.6118,100.025,-0.098876
2014-03-11,2014-03-13,2014-06-12,91,91d,3.8061,CH0036180617,3340.05,137.65,635.05,5.2595,100.025,-0.098876
2014-03-18,2014-03-20,2014-06-19,91,91d,3.8062,CH0036180625,4588.85,178.45,588.85,7.7929,100.026,-0.10283
2014-03-25,2014-03-27,2014-06-26,91,91d,3.8063,CH0036180633,4242.85,72.7,442.85,9.5808,100.026,-0.10283
2014-04-01,2014-04-03,2014-07-03,91,91d,3.8064,CH0036180641,3402.25,4.25,402.25,8.458,100.025,-0.098876
2014-04-08,2014-04-10,2014-10-09,182,182d,6.8065,CH0036180658,3377.9,32.0,777.9,4.3423,100.021,-0.04153
2014-04-15,2014-04-17,2014-07-17,91,91d,3.8066,CH0036180666,2782.55,23.55,881.25,3.1575,100.021,-0.083059
2014-04-22,2014-04-24,2014-07-24,91,91d,3.8067,CH0036180674,2774.55,12.05,872.55,3.1798,100.023,-0.090968
2014-04-29,2014-05-02,2014-07-31,90,91d,3.8068,CH0036180682,3865.8,7.7,794.5,4.8657,100.023,-0.091979
2014-05-06,2014-05-08,2014-08-07,91,91d,3.8069,CH0036180690,4035.35,303.5,728.7,5.5377,100.024,-0.094922
2014-05-13,2014-05-15,2014-08-14,91,91d,3.8070,CH0036180708,4002.1,73.45,765.45,5.2284,99.956,-0.094922
2014-05-20,2014-05-22,2014-11-20,182,182d,6.8071,CH0036180716,4249.45,120.2,639.55,6.6444,100.051,-0.100828
2014-05-27,2014-05-30,2014-08-28,90,91d,3.8072,CH0036180724,3041.9,58.3,720.6,4.2213,100.027,-0.107971
2014-06-03,2014-06-05,2014-09-04,91,91d,3.8073,CH0036180732,3045.45,145.65,849.15,3.5865,100.038,-0.150273
2014-06-10,2014-06-12,2014-09-11,91,91d,3.8074,CH0036180740,4462.55,167.5,782.25,5.7048,100.038,-0.150273
2014-06-17,2014-06-19,2014-09-18,91,91d,3.8075,CH0036180757,2164.2,127.2,479.2,4.5163,100.038,-0.150273
2014-06-24,2014-06-26,2014-09-25,91,91d,3.8076,CH0036180765,2133.5,160.4,707.0,3.0177,100.034,-0.13446
2014-07-01,2014-07-03,2014-10-02,91,91d,3.8077,CH0036180773,2521.0,32.0,391.0,6.4476,100.034,-0.13446
2014-07-08,2014-07-10,2015-07-09,364,364d,A.8078,CH0036180781,3392.85,68.85,652.85,5.197,100.07,-0.069182
2014-07-15,2014-07-17,2014-10-16,91,91d,3.8079,CH0036180799,2423.9,32.9,548.9,4.4159,100.032,-0.126553
2014-07-22,2014-07-24,2014-10-23,91,91d,3.8080,CH0036180807,4348.7,33.2,673.7,6.455,100.032,-0.126553
2014-07-29,2014-07-31,2014-10-30,91,91d,3.8081,CH0036180815,3760.7,39.2,678.7,5.541,100.032,-0.126553
2014-08-05,2014-08-07,2014-11-06,91,91d,3.8082,CH0036180823,2529.2,1.9,529.2,4.7793,100.022,-0.087014
2014-08-12,2014-08-14,2014-11-13,91,91d,3.8083,CH0036180831,2104.7,7.7,604.7,3.4806,100.022,-0.087014
2014-08-19,2014-08-21,2015-02-19,182,182d,6.8084,CH0036180849,2464.0,21.1,714.0,3.451,100.026,-0.051415
2014-08-26,2014-08-28,2014-11-27,91,91d,3.8085,CH0036180856,2071.1,22.1,671.1,3.0861,100.01,-0.039556
2014-09-02,2014-09-04,2014-12-04,91,91d,3.8086,CH0036180864,3379.0,33.5,649.0,5.2065,100.02,-0.079105
2014-09-09,2014-09-11,2014-12-11,91,91d,3.8087,CH0036180872,3343.5,142.75,788.5,4.2403,100.024,-0.094922
2014-09-16,2014-09-18,2014-12-18,91,91d,3.8088,CH0036180880,3256.9,147.9,606.9,5.3665,100.025,-0.098876
2014-09-23,2014-09-25,2014-12-29,95,91d,3.8089,CH0036180898,2396.3,70.15,771.3,3.1068,100.021,-0.079562
2014-09-30,2014-10-02,2015-01-05,95,91d,3.8090,CH0036180906,3229.35,140.05,629.05,5.1337,100.026,-0.098501
2014-10-07,2014-10-09,2015-04-09,182,182d,6.8091,CH0036180914,1962.5,42.8,662.5,2.9623,100.029,-0.057346
2014-10-14,2014-10-16,2015-01-15,91,91d,3.8092,CH0036180922,2848.25,36.3,808.25,3.524,100.025,-0.098876
2014-10-21,2014-10-23,2015-01-22,91,91d,3.8093,CH0036180930,2479.95,49.95,764.45,3.2441,100.025,-0.098876
2014-10-28,2014-10-30,2014-01-29,91,91d,3.8094,CH0036180948,2895.2,80.7,855.2,3.3854,100.027,-0.106784
2014-11-04,2014-11-06,2015-02-05,91,91d,3.8095,CH0036180955,3245.55,62.25,663.55,4.8912,100.028,-0.110738
2014-11-11,2014-11-13,2015-02-12,91,91d,3.8096,CH0036180963,3697.0,36.4,607.0,6.0906,100.036,-0.142366
2014-11-18,2014-11-20,2015-05-21,182,182d,6.8097,CH0036180971,3525.5,11.35,627.45,5.6188,100.086,-0.169964
2014-11-25,2014-11-27,2015-02-26,91,91d,3.8098,CH0036180989,4263.4,39.05,423.4,10.0694,100.04,-0.158178
2014-12-02,2014-12-04,2015-03-05,91,91d,3.8099,CH0036180997,1484.15,74.05,484.15,3.0655,100.04,-0.158178
2014-12-09,2014-12-11,2015-03-12,91,91d,3.8100,CH0036181003,3337.1,40.3,667.1,5.0024,100.043,-0.170037
2014-12-16,2014-12-18,2015-03-19,91,91d,3.8101,CH0036181011,3058.0,119.0,488.0,6.2664,100.042,-0.166
2014-12-23,2014-12-29,2015-03-26,87,91d,3.8102,CH0036181029,1543.35,211.35,452.85,3.4081,100.101,-0.417509
2014-12-30,2015-01-05,2015-04-02,87,91d,3.8103,CH0036181037,1566.8,39.8,176.8,8.862,100.086,-0.355556
2015-01-06,2015-01-08,2016-01-07,364,364d,A.8104,CH0036181045,9391.15,13.15,900.15,10.4329,100.254,-0.250572
2015-01-13,2015-01-15,2015-04-16,91,91d,3.8105,CH0036181052,5650.55,33.15,910.55,6.2056,100.095,-0.375467
2015-01-20,2015-01-22,2015-04-23,91,91d,3.8106,CH0036181060,7792.9,31.4,938.4,8.3045,100.279,-1.100665
2015-01-26,2016-01-28,2016-04-28,91,91d,3.8159,CH0036181599,1324.4,17.9,564.4,2.3466,100.213,-0.840846
2015-01-27,2015-01-29,2015-04-30,91,91d,3.8107,CH0036181078,5999.2,21.7,688.7,8.7109,100.279,-1.100665
2015-02-03,2015-02-05,2015-05-07,91,91d,3.8108,CH0036181086,5034.3,50.5,948.5,5.3076,100.33,-1.301201
2015-02-10,2015-02-12,2015-05-15,92,91d,3.8109,CH0036181094,4253.25,24.75,662.75,6.4176,100.352,-1.37256
2015-02-17,2015-02-19,2015-08-20,182,182d,6.8110,CH0036181102,3407.2,2.0,647.2,5.2645,100.57,-1.121082
2015-02-24,2015-02-26,2015-05-28,91,91d,3.8111,CH0036181110,1782.15,16.65,526.65,3.3839,100.279,-1.101
2015-03-03,2015-03-05,2015-06-04,91,91d,3.8112,CH0036181128,2561.7,60.2,616.2,4.1573,100.253,-0.998
2015-03-10,2015-03-12,2015-06-11,91,91d,3.813,CH0036181136,4237.85,57.35,767.85,5.5191,100.241,-0.951
2015-03-17,2015-03-19,2015-06-18,91,91d,3.8114,CH0036181144,3059.9,15.4,469.9,6.5118,100.244,-0.962925
2015-03-24,2015-03-26,2015-06-25,91,91d,3.8115,CH0036181151,1631.0,52.5,611.0,2.6694,100.228,-0.9
2015-03-31,2015-04-02,2015-07-02,91,91d,3.8116,CH0036181169,1111.45,22.95,210.95,5.2688,100.264,-1.041646
2015-04-07,2015-04-09,2015-10-08,182,182d,6.8117,CH0036181177,2507.9,1.5,470.9,5.3258,100.516,-1.01542
2015-04-14,2015-04-16,2015-07-16,91,91d,3.8118,CH0036181185,2989.3,37.9,443.8,6.7357,100.256,-1.010161
2015-04-21,2015-04-23,2015-07-23,91,91d,3.8119,CH0036181193,2823.0,29.5,672.5,4.1978,100.288,-1.136069
2015-04-28,2015-04-30,2015-07-30,91,91d,3.8120,CH0036181201,3296.5,95.0,521.0,6.3273,100.292,-1.152
2015-05-05,2015-05-07,2015-08-06,91,91d,3.8121,CH0036181219,2763.5,14.0,514.0,5.3765,100.35,-1.379786
2015-05-12,2015-05-15,2015-08-13,90,91d,3.8122,CH0036181227,1773.75,50.75,468.25,3.788,100.339,-1.351419
2015-05-19,2015-05-21,2015-11-19,182,182d,6.8123,CH0036181235,1353.4,3.4,653.4,2.0713,100.47,-0.925321
2015-05-26,2015-05-28,2015-08-27,91,91d,3.8124,CH0036181243,1947.75,17.25,517.25,3.7656,100.279,-1.100665
2015-06-02,2015-06-04,2015-09-03,91,91d,3.8125,CH0036181250,1669.8,55.3,224.3,7.4445,100.261,-1.02984
2015-06-09,2015-06-11,2015-09-10,91,91d,3.8126,CH0036181268,1530.5,15.0,350.0,4.3729,100.253,-0.998353
2015-06-16,2015-06-18,2015-09-17,91,91d,3.8127,CH0036181276,1414.9,29.4,459.4,3.0799,100.256,-1.010161
2015-06-23,2015-06-25,2015-09-24,91,91d,3.8128,CH0036181284,1681.95,41.45,256.45,6.5586,100.256,-1.010161
2015-06-30,2015-07-02,2015-10-01,91,91d,3.8129,CH0036181292,1029.5,41.0,334.0,3.0823,100.266,-1.049516
2015-07-07,2015-07-09,2016-07-07,364,364d,A.8130,CH0036181300,2005.05,15.05,367.05,5.4626,101.0,-0.979219
2015-07-14,2015-07-16,2015-10-15,91,91d,3.8131,CH0036181318,1207.15,41.65,201.15,6.0012,100.25,-0.986545
2015-07-21,2015-07-23,2015-10-22,91,91d,3.8132,CH0036181326,260.5,32.0,230.5,1.1302,100.237,-0.935
2015-07-28,2015-07-30,2015-10-29,91,91d,3.8133,CH0036181334,1236.6,35.6,336.6,3.6738,100.23,-0.907802
2015-08-04,2015-08-06,2015-11-05,91,91d,3.8134,CH0036181342,2195.5,520.0,399.9,5.4901,100.307,-1.211
2015-08-11,2015-08-13,2015-11-12,91,91d,3.8135,CH0036181359,2260.0,158.0,373.0,6.059,100.243,-0.959
2015-08-18,2015-08-20,2016-02-18,182,182d,6.8136,CH0036181367,2243.15,1.55,438.15,5.1196,100.431,-0.848869
2015-08-25,2015-08-27,2015-11-26,91,91d,3.8137,CH0036181375,776.95,29.45,291.95,2.6612,100.23,-0.908
2015-09-01,2015-09-03,2015-12-03,91,91d,3.8138,CH0036181383,1385.2,70.7,206.2,6.7177,100.234,-0.924
2015-09-08,2015-09-10,2015-12-10,91,91d,3.8139,CH0036181391,976.1,38.6,341.1,2.8616,100.222,-0.876296
2015-09-15,2015-09-17,2015-12-17,91,91d,3.8140,CH0036181409,804.7,35.7,279.7,2.877,100.223,-0.880235
2015-09-22,2015-09-24,2015-12-24,91,91d,3.8141,CH0036181417,2325.0,50.0,325.0,7.1538,100.221,-0.872358
2015-09-29,2015-10-01,2015-12-31,91,91d,3.8142,CH0036181425,1914.1,27.1,214.1,8.9402,100.213,-0.840846
2015-10-06,2015-10-08,2016-04-07,182,182d,6.8143,CH0036181433,2451.7,32.7,501.7,4.8868,100.405,-0.797868
2015-10-13,2015-10-15,2016-01-14,91,91d,3.8144,CH0036181441,2023.2,30.7,405.2,4.9931,100.233,-0.919616
2015-10-20,2015-10-22,2016-01-21,91,91d,3.8145,CH0036181458,2335.1,17.6,383.1,6.0953,100.238,-0.939303
2015-10-27,2015-10-29,2016-01-28,91,91d,3.8146,CH0036181466,1620.2,20.7,203.2,7.9734,100.241,-0.951114
2015-11-03,2015-11-05,2016-02-04,91,91d,3.8147,CH0036181474,964.5,22.5,330.5,2.9183,100.23,-0.907802
2015-11-10,2015-11-12,2016-02-11,91,91d,3.8148,CH0036181482,1575.9,21.4,541.4,2.9108,100.261,-1.02984
2015-11-17,2015-11-19,2016-05-19,182,182d,6.8149,CH0036181490,1989.85,7.35,594.35,3.3479,100.518,-1.019335
2015-11-24,2015-11-26,2016-02-25,91,91d,3.8150,CH0036181508,1866.45,3.95,268.95,6.9398,100.322,-1.269758
2015-12-01,2015-12-03,2016-03-03,91,91d,3.8151,CH0036181516,1727.5,0.0,497.0,3.4759,100.386,-1.521161
2015-12-08,2015-12-10,2016-03-10,91,91d,3.8152,CH0036181524,1270.7,40.7,395.7,3.2113,100.279,-1.100665
2015-12-15,2015-12-17,2016-03-17,91,91d,3.8153,CH0036181532,1527.9,46.4,327.9,4.6597,100.241,-0.951114
2015-12-22,2015-12-24,2016-03-24,91,91d,3.8154,CH0036181540,1285.25,71.0,360.25,3.5677,100.242,-0.955051
2015-12-29,2015-12-31,2016-03-31,91,91d,3.8155,CH0036181557,768.3,28.0,428.3,1.7938,100.234,-0.924
2016-01-05,2016-01-07,2017-01-05,364,364d,A.8156,CH0036181565,1989.35,8.35,558.35,3.5629,100.845,-0.828712
2016-01-12,2016-01-14,2016-04-14,91,91d,3.8157,CH0036181573,2695.9,26.4,550.9,4.8936,100.206,-0.81327
2016-01-19,2016-01-21,2016-04-21,91,91d,3.8158,CH0036181581,3201.2,6.7,455.2,7.0325,100.22,-0.868419
2016-02-02,2016-02-04,2016-05-06,92,91d,3.8160,CH0036181607,841.8,28.3,381.8,2.2048,100.213,-0.831707
2016-02-09,2016-02-11,2016-05-12,91,91d,3.8161,CH0036181615,752.4,14.4,552.4,1.3621,100.192,-0.758
2016-02-16,2016-02-18,2016-08-18,182,182d,6.8162,CH0036168162,2900.15,65.15,572.15,5.0689,100.416,-0.819448
2016-02-23,2016-02-25,2016-05-26,91,91d,3.8163,CH0036181631,3515.35,144.85,620.35,5.6667,100.226,-0.89205
2016-03-01,2016-03-03,2016-06-02,91,91d,3.8164,CH0036181649,3287.0,152.0,890.0,3.6933,100.241,-0.951
2016-03-08,2016-03-10,2016-06-09,91,91d,3.8165,CH0036181656,2952.3,116.8,478.3,6.1725,100.25,-0.987
2016-03-15,2016-03-17,2016-06-16,91,91d,3.8166,CH0036181664,3003.45,34.95,458.45,6.5513,100.212,-0.837
2016-03-22,2016-03-24,2016-06-23,91,91d,3.8167,CH0036181672,3727.25,67.0,580.0,6.4263,100.212,-0.837
2016-03-29,2016-03-31,2016-06-30,91,91d,3.8168,CH0036181680,2998.5,23.0,443.5,6.761,100.215,-0.849
2016-04-05,2016-04-07,2016-10-06,182,182d,6.8169,CH0036181698,4534.95,0.95,479.95,9.4488,100.416,-0.819
2016-04-12,2016-04-14,2016-07-14,91,91d,3.8170,CH0036181706,4492.15,51.7,526.2,8.537,100.223,-0.88
2016-04-19,2016-04-21,2016-07-21,91,91d,3.8171,CH0036181714,5022.8,82.8,537.8,9.3395,100.234,-0.923553
2016-04-26,2016-04-28,2016-07-28,91,91d,3.8172,CH0036181722,4273.15,46.15,367.15,11.6387,100.234,-0.923553
2016-05-03,2016-05-06,2016-08-04,90,91d,3.8173,CH0036181730,4174.9,36.4,366.9,11.3788,100.238,-0.94974
2016-05-10,2016-05-12,2016-08-11,91,91d,3.8174,CH0036181748,4142.3,39.3,400.0,10.3558,100.241,-0.951
2016-05-17,2016-05-19,2016-11-17,182,182d,6.8175,CH0036181755,3449.0,22.0,457.0,7.547,100.462,-0.91
2016-05-24,2016-05-26,2016-08-25,91,91d,3.8176,CH0036181763,2847.35,81.85,386.35,7.3699,100.245,-0.967
2016-05-31,2016-06-02,2016-09-01,91,91d,3.8177,CH0036181771,3058.5,25.0,430.5,7.1045,100.241,-0.951
2016-06-07,2016-06-09,2016-09-08,91,91d,3.8178,CH0036181789,4373.7,46.7,396.7,11.0252,100.254,-1.002289
2016-06-14,2016-06-16,2016-09-15,91,91d,3.8179,CH0036181797,3145.2,29.2,372.2,8.4503,100.282,-1.112467
2016-06-21,2016-06-23,2016-09-22,91,91d,3.8180,CH0036181805,2753.35,44.85,327.85,8.3982,100.266,-1.05
2016-06-28,2016-06-30,2016-09-29,91,91d,3.8181,CH0036181813,2596.5,51.0,466.0,5.5719,100.279,-1.100665
2016-07-05,2016-07-07,2017-07-06,364,364d,A.8182,CH0036181821,3170.1,41.1,565.1,5.6098,101.025,-1.003
2016-07-12,2016-07-14,2016-10-13,91,91d,3.8183,CH0036181839,2705.1,49.6,419.6,6.4469,100.297,-1.171466
2016-07-19,2016-07-21,2016-10-20,91,91d,3.8184,CH0036181847,2326.25,10.1,367.75,6.3256,100.291,-1.148
2016-07-26,2016-07-28,2016-10-27,91,91d,3.8185,CH0036181854,2824.9,12.4,359.4,7.86,100.279,-1.101
2016-08-02,2016-08-04,2016-11-03,91,91d,3.8186,CH0036181862,2107.5,19.0,377.0,5.5902,100.267,-1.053451
2016-08-09,2016-08-11,2016-11-10,91,91d,3.8187,CH0036181870,2123.8,29.3,437.3,4.8566,100.268,-1.057
2016-08-16,2016-08-18,2017-02-16,182,182d,6.8188,CH0036181888,2252.55,22.55,392.55,5.7382,100.549,
2016-08-23,2016-08-25,2017-02-16,91,91d,3.8189,CH0036181896,2240.25,66.75,439.75,5.0944,100.274,
2016-08-30,2016-09-01,2016-12-01,91,91d,3.8190,CH0036181904,1886.65,15.15,440.15,4.2864,100.284,
2016-09-06,2016-09-08,2016-12-08,91,91d,3.8191,CH0036181912,2073.2,50.7,375.7,5.5182,100.274,-1.080994
2016-09-13,2016-09-15,2016-12-15,91,91d,3.8192,CH0036181920,1765.7,25.2,410.2,4.3045,100.253,-0.998
2016-09-20,2016-09-22,2016-12-22,91,91d,3.8193,CH0036181938,2039.9,43.4,358.4,5.6917,100.266,-1.05
2016-09-27,2016-09-29,2016-12-29,91,91d,3.8194,CH0036181946,1870.35,28.85,394.85,4.7369,100.266,-1.05
2016-10-04,2016-10-06,2017-04-06,182,182d,6.8195,CH0036181953,2342.15,18.15,472.15,4.9606,100.551,-1.083918
2016-10-11,2016-10-13,2017-01-12,91,91d,3.8196,CH0036181961,2478.2,32.2,377.2,6.57,100.277,-1.093
2016-10-18,2016-10-20,2017-01-19,91,91d,3.8197,CH0036181979,2404.2,3.7,400.0,6.0105,100.279,-1.101
2016-10-25,2016-10-27,2017-01-26,91,91d,3.8198,CH0036181987,2430.6,34.1,403.1,6.0298,100.283,-1.116
2016-11-01,2016-11-03,2017-02-02,91,91d,3.8199,CH0036181995,1817.7,40.2,367.2,4.9502,100.284,-1.12
2016-11-08,2016-11-10,2017-02-09,91,91d,3.82,CH0036182001,2106.8,9.3,434.3,4.851,100.285,-1.124
2016-11-15,2016-11-17,2017-05-18,182,182d,6.8201,CH0036182019,1694.0,3.0,444.0,3.8153,100.43,-0.847
2016-11-22,2016-11-24,2017-02-23,91,91d,3.8202,CH0036182027,2610.35,78.85,423.85,6.1587,100.286,-1.128
2016-11-29,2016-12-01,2017-03-02,91,91d,3.8203,CH0036182035,2193.65,5.15,368.15,5.9586,100.266,-1.05
2016-12-06,2016-12-08,2017-03-09,91,91d,3.8204,CH0036182043,2457.3,45.8,418.8,5.8675,100.279,-1.101
2016-12-13,2016-12-15,2016-03-16,91,91d,3.8205,CH0036182050,2479.7,39.2,505.2,4.9084,100.292,-1.152
2016-12-20,2016-12-22,2017-03-23,91,91d,3.8206,CH0036182068,2554.3,331.8,433.8,5.8882,100.304,-1.199
2016-12-27,2016-12-29,2017-03-30,91,91d,3.8207,CH0036182076,1470.35,40.85,385.35,3.8156,100.231,-0.912
2017-01-03,2017-01-05,2018-01-04,364,364d,A.8208,CH0036182084,2261.7,16.7,446.7,5.0631,100.81,-0.795
2017-01-10,2017-01-12,2017-04-13,91,91d,3.8209,CH0036182092,1964.6,12.1,464.6,4.2286,100.212,-0.837
2017-01-17,2017-01-19,2017-04-20,91,91d,3.821,CH0036182100,2682.5,14.5,549.5,4.8817,100.216,-0.853
2017-01-24,2017-01-26,2017-04-27,91,91d,3.8211,CH0036182118,2306.7,3.7,456.7,5.0508,100.223,-0.88
2017-01-31,2017-02-02,2017-05-04,91,91d,3.8212,CH0036182126,2274.5,8.0,539.5,4.2159,100.223,-0.880235
2017-02-07,2017-02-09,2017-05-11,91,91d,3.8213,CH0036182134,2105.8,5.3,605.8,3.4761,100.206,-0.813
2017-02-14,2017-02-16,2017-08-17,182,182d,6.8214,CH0036182142,4716.35,26.35,616.35,7.6521,100.415,-0.817
2017-02-21,2017-02-23,2017-05-26,92,91d,3.8215,CH0036182159,2831.05,34.05,496.05,5.7072,100.228,-0.89
2017-02-28,2017-03-02,2017-06-01,91,91d,3.8216,CH0036182167,2552.15,56.15,602.15,4.2384,100.226,-0.89205
2017-03-07,2017-03-09,2017-06-08,91,91d,3.8217,CH0036182175,2998.4,62.4,633.4,4.7338,100.228,-0.9
2017-03-14,2017-03-16,2017-06-15,91,91d,3.8218,CH0036182183,3146.2,25.2,516.2,6.0949,100.229,-0.904
2017-03-21,2017-03-23,2017-06-22,91,91d,3.8219,CH0036182191,2991.0,23.5,473.0,6.3235,100.229,-0.904
2017-03-28,2017-03-30,2017-06-29,91,91d,3.822,CH0036182209,2955.5,25.0,435.5,6.7865,100.231,-0.912
2017-04-04,2017-04-06,2017-10-05,182,182d,6.8221,CH0036182217,3355.0,15.0,487.0,6.8891,100.45,-0.886
2017-04-11,2017-04-13,2017-07-13,91,91d,3.8222,CH0036182225,3081.6,6.1,488.6,6.307,100.238,-0.939303
2017-04-18,2017-04-20,2017-07-20,91,91d,3.8223,CH0036182233,2910.0,6.5,477.0,6.1006,100.24,-0.947
2017-04-25,2017-04-27,2014-07-27,91,91d,3.8224,CH0036182241,3102.0,7.0,429.0,7.2308,100.239,-0.943
2017-05-02,2017-05-04,2017-08-03,91,91d,3.8225,CH0036182258,2370.2,7.2,492.2,4.8155,100.241,-0.951
2017-05-09,2017-05-11,2017-08-10,91,91d,3.8226,CH0036182266,2778.75,21.25,490.75,5.6623,100.238,-0.939303
2017-05-16,2017-05-18,2017-11-16,182,182d,6.8227,CH0036182274,2817.85,4.85,447.85,6.292,100.447,-0.88
2017-05-23,2017-05-26,2017-08-24,90,91d,3.8228,CH0036182282,1983.9,46.4,443.9,4.4692,100.221,-0.882
2017-05-30,2017-06-01,2017-08-31,91,91d,3.8229,CH0036182290,2300.7,21.7,445.7,5.162,100.228,-0.9
2017-06-06,2017-06-08,2017-09-07,91,91d,3.823,CH0036182308,2331.05,39.5,546.05,4.2689,100.229,-0.904
2017-06-13,2017-06-15,2017-09-14,91,91d,3.8231,CH0036182316,2531.1,17.1,601.1,4.2108,100.231,-0.912
2017-06-20,2017-06-22,2017-09-21,91,91d,3.8232,CH0036182324,2627.2,4.0,507.2,5.1798,100.235,-0.927
2017-06-27,2017-06-29,2017-06-29,91,91d,3.8233,CH0036182332,2751.5,12.0,472.5,5.8233,100.238,-0.939
2017-07-04,2017-07-06,2018-07-05,364,364d,A.8234,CH0036182340,3082.0,26.0,546.0,5.6447,100.836,-0.82
2017-07-11,2017-07-13,2017-10-12,91,91d,3.8235,CH0036182357,2361.0,8.0,451.0,5.235,100.228,-0.899926
2017-07-18,2017-07-20,2017-10-19,91,91d,3.8236,CH0036182365,2080.5,11.0,390.5,5.3278,100.229,-0.904
2017-07-25,2017-07-27,2017-10-26,91,91d,3.8237,CH0036182373,1813.0,17.5,413.0,4.3898,100.23,-0.908
2017-07-31,2017-08-03,2017-11-02,91,91d,3.8238,CH0036182381,1887.0,7.0,507.0,3.7219,100.228,-0.9
2017-08-08,2017-08-10,2017-11-09,91,91d,3.8239,CH0036182399,2413.35,19.35,400.0,6.0334,100.228,-0.9
2017-08-15,2017-08-17,2018-02-15,182,182d,6.824,CH0036182407,2293.85,22.85,483.85,4.7408,100.447,-0.88
2017-08-22,2017-08-24,2017-11-23,91,91d,3.8241,CH0036182415,2129.8,38.3,414.8,5.1345,100.228,-0.9
2017-08-29,2017-08-31,2017-11-30,91,91d,3.8242,CH0036182423,1945.2,12.7,490.2,3.9682,100.232,-0.916
2017-09-05,2017-09-07,2017-12-07,91,91d,3.8243,CH0036182431,2311.15,30.65,426.15,5.4233,100.232,-0.915678
2017-09-12,2017-09-14,2017-12-14,91,91d,3.8244,CH0036182449,1960.2,16.2,450.2,4.3541,100.232,-0.916
2017-09-19,2017-09-21,2017-12-21,91,91d,3.8245,CH0036182456,1771.4,9.2,471.4,3.7577,100.232,-0.916
2017-09-26,2017-09-28,2017-12-28,91,91d,3.8246,CH0036182464,1991.0,12.0,441.0,4.5147,100.233,-0.92
2017-10-03,2017-10-05,2018-04-05,182,182d,6.8247,CH0036182472,2357.4,7.2,480.4,4.9072,100.462,-0.91
2017-10-10,2017-10-12,2018-01-11,91,91d,3.8248,CH0036182480,2950.0,6.0,451.5,6.5338,100.246,-0.971
2017-10-17,2017-10-19,2018-01-18,91,91d,3.8249,CH0036182498,2640.0,14.0,479.0,5.5115,100.247,-0.975
2017-10-24,2017-10-26,2018-01-25,91,91d,3.8250,CH0036182506,1809.0,2.5,444.0,4.0743,100.241,-0.951114
2017-10-31,2017-11-02,2018-02-01,91,91d,3.8251,CH0036182514,2270.95,6.95,425.95,5.3315,100.245,-0.967
2017-11-07,2017-11-09,2018-02-08,91,91d,3.8252,CH0036182522,2362.2,22.2,428.2,5.5166,100.247,-0.974735
2017-11-14,2017-11-16,2018-05-17,182,182d,6.8253,CH0036182530,1642.1,2.7,422.1,3.8903,100.472,-0.929
2017-11-21,2017-11-23,2018-02-22,91,91d,3.8254,CH0036182548,2375.0,10.0,403.0,5.8933,100.254,-1.002
2017-11-28,2017-11-30,2018-03-01,91,91d,3.8255,CH0036182555,2062.15,18.7,466.65,4.4191,100.256,-1.01
2017-12-05,2017-12-07,2018-03-08,91,91d,3.8256,CH0036182563,2186.45,99.95,474.95,4.6035,100.265,-1.046
2017-12-12,2017-12-14,2018-03-15,91,91d,3.8257,CH0036182571,2497.7,58.2,559.2,4.4666,100.279,-1.101
2017-12-19,2017-12-21,2018-03-22,91,91d,3.8258,CH0036182589,2062.4,57.2,495.9,4.1589,100.302,-1.191
2017-12-22,2017-12-28,2018-03-29,91,91d,3.8259,CH0036182597,175.0,2.5,145.0,1.2069,100.266,-1.05
2017-12-29,2018-01-04,2019-01-03,364,364d,A.8260,CH0036182605,2524.35,4.35,584.35,4.3199,100.806,-0.790769
2018-01-09,2018-01-11,2018-04-12,91,91d,3.8261,CH0036182613,2093.6,7.5,483.6,4.3292,100.221,-0.872
2018-01-16,2018-01-18,2018-04-19,91,91d,3.8262,CH0036182621,2168.3,11.1,483.3,4.4864,100.225,-0.888112
2018-01-23,2018-01-25,2018-04-26,91,91d,3.8263,CH0036182639,2053.0,2.5,493.0,4.1643,100.224,-0.884173
2018-01-30,2018-02-01,2018-05-03,91,91d,3.8264,CH0036182647,2146.05,3.05,376.05,5.7068,100.224,-0.884
2018-02-06,2018-02-08,2018-05-11,92,91d,3.8265,CH0036182654,1681.0,7.5,481.0,3.4948,100.228,-0.89
2018-02-13,2018-02-15,2018-08-16,182,182d,6.8266,CH0036182662,1673.5,15.3,523.5,3.1968,100.432,-0.851
2018-02-20,2018-02-22,2018-05-24,91,91d,3.8267,CH0036182670,1806.8,11.3,406.8,4.4415,100.223,-0.880235
2018-02-27,2018-03-01,2018-05-31,91,91d,3.8268,CH0036182688,2040.45,16.55,565.45,3.6085,100.226,-0.892
2018-03-06,2018-03-08,2018-06-07,91,91d,3.8269,CH0036182696,1748.95,101.8,398.95,4.3839,100.226,-0.892
2018-03-13,2018-03-15,2018-06-14,91,91d,3.8270,CH0036182704,1549.8,37.2,399.8,3.8764,100.226,-0.892
2018-03-20,2018-03-22,2018-06-21,91,91d,3.8271,CH0036182712,1444.7,7.2,444.7,3.2487,100.226,-0.892
2018-03-27,2018-03-29,2018-06-28,91,91d,3.8272,CH0036182720,1252.0,12.5,197.0,6.3553,100.233,-0.92
2018-04-03,2018-04-05,2018-10-04,182,182d,6.8273,CH0036182738,1137.85,2.35,137.85,8.2543,100.447,-0.88
2018-04-10,2018-04-12,2018-07-12,91,91d,3.8274,CH0036182746,1315.3,4.6,315.3,4.1716,100.218,-0.861
2018-04-17,2018-04-19,2018-07-19,91,91d,3.8275,CH0036182753,1898.25,5.0,393.25,4.8271,100.216,-0.853
2018-04-24,2018-04-26,2018-07-26,91,91d,3.8276,CH0036182761,1825.0,2.5,315.0,5.7937,100.216,-0.853
2018-04-30,2018-05-03,2018-08-02,91,91d,3.8277,CH0036182779,475.0,104.0,338.0,1.4053,100.215,-0.849
2018-05-08,2018-05-11,2018-08-09,90,91d,3.8278,CH0036182787,1657.65,77.05,513.65,3.2272,100.215,-0.858
2018-05-15,2018-05-17,2018-11-15,182,182d,6.8279,CH0036182795,1503.7,71.45,378.7,3.9707,100.417,-0.82141
2018-05-22,2018-05-24,2018-08-23,91,91d,3.8280,CH0036182803,1422.3,20.8,304.3,4.674,100.215,-0.849
2018-05-29,2018-05-31,2018-08-30,91,91d,3.8281,CH0036182811,1499.8,7.8,374.8,4.0016,100.216,-0.853
2018-06-05,2018-06-07,2018-09-06,91,91d,3.8282,CH0036182829,1590.65,103.65,365.65,4.3502,100.218,-0.860542
2018-06-12,2018-06-14,2018-09-13,91,91d,3.8283,CH0036182837,1152.2,27.2,152.2,7.5703,100.218,-0.860542
2018-06-19,2018-06-21,2018-09-20,91,91d,3.8284,CH0036182845,1435.4,7.2,370.4,3.8753,100.218,-0.860542
2018-06-26,2018-06-28,2018-09-27,91,91d,3.8285,CH0036182852,1429.8,17.0,355.0,4.0276,100.219,-0.86448
2018-07-03,2018-07-05,2019-07-04,364,364d,A.8286,CH0036182860,1369.9,4.9,344.9,3.9719,100.805,-0.79
2018-07-10,2018-07-12,2018-10-11,91,91d,3.8287,CH0036182878,1452.6,7.5,292.6,4.9645,100.215,-0.848725
2018-07-17,2018-07-19,2018-10-18,91,91d,3.8288,CH0036182886,1837.45,1.45,407.45,4.5096,100.215,-0.848725
2018-07-24,2018-07-26,2018-10-25,91,91d,3.8289,CH0036182894,1231.8,2.5,231.8,5.3141,100.213,-0.841
2018-07-31,2018-08-02,2018-11-01,91,91d,3.829,CH0036182902,1462.4,2.9,312.4,4.6812,100.214,-0.845
2018-08-07,2018-08-09,2018-11-08,91,91d,3.8291,CH0036182910,1340.6,5.75,340.6,3.936,100.214,-0.845
2018-08-14,2018-08-16,2019-02-14,182,182d,6.8292,CH0036182928,1679.15,5.7,476.65,3.5228,100.419,-0.825333
2018-08-21,2018-08-23,2018-11-22,91,91d,3.8293,CH0036182936,1420.7,10.2,320.2,4.4369,100.215,-0.848725
2018-08-28,2018-08-30,2018-11-29,91,91d,3.8294,CH0036182944,1280.35,2.35,235.35,5.4402,100.215,-0.849
2018-09-04,2018-09-06,2018-12-06,91,91d,3.8295,CH0036182951,1517.35,78.35,387.35,3.9173,100.219,-0.864
2018-09-11,2018-09-13,2018-12-13,91,91d,3.8296,CH0036182969,1262.95,7.7,262.95,4.803,100.216,-0.853
2018-09-18,2018-09-20,2018-12-20,91,91d,3.8297,CH0036182977,1323.15,3.2,323.15,4.0945,100.216,-0.853
2018-09-25,2018-09-27,2018-12-27,91,91d,3.8298,CH0036182985,1360.8,12.0,360.8,3.7716,100.213,-0.841
2018-10-02,2018-10-04,2019-04-04,182,182d,6.8299,CH0036182993,1290.85,19.15,283.85,4.5476,100.426,-0.839
2018-10-09,2018-10-11,2019-01-10,91,91d,3.83,CH0036183009,1575.5,2.1,255.5,6.1663,100.22,-0.868
2018-10-16,2018-10-18,2019-01-17,91,91d,3.8301,CH0036183017,2904.85,326.6,549.85,5.283,100.224,-0.884
2018-10-23,2018-10-25,2019-01-24,91,91d,3.8302,CH0036183025,2892.6,319.6,546.1,5.2968,100.231,-0.912
2018-10-30,2018-11-01,2019-01-31,91,91d,3.8303,CH0036183033,2340.2,22.45,427.2,5.478,100.241,-0.951
2018-11-06,2018-11-08,2019-02-07,91,91d,3.8304,CH0036183041,2372.05,2.8,378.05,6.2744,100.244,-0.963
2018-11-13,2018-11-15,2019-05-16,182,182d,6.8305,CH0036183058,1562.05,1.3,382.05,4.0886,100.444,-0.874
2018-11-20,2018-11-22,2019-02-21,91,91d,3.8306,CH0036183066,1960.0,13.5,402.0,4.8756,100.248,-0.979
2018-11-27,2018-11-29,2019-02-28,91,91d,3.8307,CH0036183074,1425.1,16.85,297.1,4.7967,100.25,-0.987
2018-12-04,2018-12-06,2019-03-07,91,91d,3.8308,CH0036183082,1664.0,87.35,464.85,3.5796,100.258,-1.018
2018-12-11,2018-12-13,2019-03-14,91,91d,3.8309,CH0036183090,1442.85,19.85,396.35,3.6403,100.258,-1.018
2018-12-18,2018-12-20,2029-03-21,91,91d,3.831,CH0036183108,1142.6,34.7,67.1,17.0283,100.258,-1.018
2018-12-21,2018-12-27,2019-03-28,91,91d,3.8311,CH0036183116,1173.5,22.0,107.5,10.9163,100.248,-0.979
2018-12-28,2019-01-03,2020-01-03,365,364d,A.8312,CH0036183124,1554.7,3.5,279.7,5.5585,100.809,-0.792
2019-01-08,2019-01-10,2019-04-11,91,91d,3.8313,CH0036183132,1149.45,1.25,149.45,7.6912,100.212,-0.837
2019-01-15,2019-01-17,2019-04-18,91,91d,3.8314,CH0036183140,1308.95,1.45,308.95,4.2368,100.212,-0.837
2019-01-22,2019-01-24,2019-04-25,91,91d,3.8315,CH0036183157,1074.05,3.45,74.05,14.5044,100.208,-0.821
2019-01-29,2019-01-31,2019-05-02,91,91d,3.8316,CH0036183165,1437.95,1.45,237.95,6.0431,100.194,-0.766
2019-02-05,2019-02-07,2019-05-09,91,91d,3.8317,CH0036183173,2248.9,2.8,597.9,3.7613,100.195,-0.77
2019-02-12,2019-02-14,2019-08-15,182,182d,6.8318,CH0036183181,2695.3,5.35,635.3,4.2426,100.383,-0.755
2019-02-19,2019-02-21,2019-05-23,91,91d,3.8319,CH0036183199,2696.5,31.5,532.0,5.0686,100.196,-0.774
2019-02-26,2019-02-28,2019-05-31,92,91d,3.832,CH0036183207,2242.05,21.95,504.05,4.4481,100.2,-0.781
2019-03-05,2019-03-07,2019-06-06,91,91d,3.8321,CH0036183215,1881.25,74.55,466.25,4.0349,100.2,-0.79
2019-03-12,2019-03-14,2019-06-13,91,91d,3.8322,CH0036183223,1702.8,17.3,502.8,3.3866,100.195,-0.77
2019-03-19,2019-03-21,2019-06-20,91,91d,3.8323,CH0036183231,2301.95,37.7,436.95,5.2682,100.195,-0.77
2019-03-26,2019-03-28,2019-06-27,91,91d,3.8324,CH0036183249,2173.5,120.0,408.5,5.3207,100.197,-0.778
2019-04-02,2019-04-04,2019-10-03,182,182d,6.8325,CH0036183256,2688.95,7.25,518.95,5.1815,100.386,-0.761
2019-04-09,2019-04-11,2019-07-11,91,91d,3.8326,CH0036183264,1962.75,68.5,587.75,3.3394,100.2,-0.79
2019-04-16,2019-04-18,2019-07-18,91,91d,3.8327,CH0036183272,2284.3,24.6,464.3,4.9199,100.197,-0.778
2019-04-23,2019-04-25,2019-07-25,91,91d,3.8328,CH0036183280,1900.4,54.1,400.4,4.7463,100.197,-0.778
2019-04-30,2019-05-02,2019-08-02,92,91d,3.8329,CH0036183298,2294.4,1.45,419.7,5.4668,100.203,-0.793
2019-05-07,2019-05-09,2019-08-08,91,91d,3.833,CH0036183306,2011.0,32.8,414.0,4.8575,100.203,-0.801
2019-05-14,2019-05-16,2019-11-14,182,182d,6.8331,CH0036183314,2656.15,122.65,438.15,6.0622,100.397,-0.782
2019-05-21,2019-05-23,2019-08-22,91,91d,3.8332,CH0036183322,1875.65,5.9,360.65,5.2007,100.197,-0.778
2019-05-28,2019-05-31,2019-08-29,90,91d,3.8333,CH0036183330,2471.1,1.85,401.35,6.157,100.202,-0.806
2019-06-04,2019-06-06,2019-09-05,91,91d,3.8334,CH0036183348,1835.8,68.3,418.8,4.3835,100.198,-0.782
2019-06-11,2019-06-13,2019-09-12,91,91d,3.8335,CH0036183355,1806.5,30.5,446.5,4.0459,100.2,-0.79
2019-06-18,2019-06-20,2019-09-19,91,91d,3.8336,CH0036183363,1768.95,107.2,408.95,4.3256,100.202,-0.798
2019-06-25,2019-06-27,2019-09-26,91,91d,3.8337,CH0036183371,1783.55,120.05,403.55,4.4197,100.203,-0.801
2019-07-02,2019-07-04,2020-07-02,364,364d,A.8338,CH0036183389,3035.4,36.4,416.4,7.2896,100.9,-0.882
2019-07-09,2019-07-11,2019-10-10,91,91d,3.8339,CH0036183397,3351.75,103.75,474.75,7.06,100.21,-0.829
2019-07-16,2019-07-18,2019-10-17,91,91d,3.834,CH0036183405,1808.3,154.7,416.2,4.3448,100.218,-0.861
2019-07-23,2019-07-25,2019-10-24,91,91d,3.8341,CH0036183413,2174.2,102.9,436.5,4.981,100.225,-0.888
2019-07-30,2019-08-02,2019-10-31,90,91d,3.8342,CH0036183421,2462.7,119.45,446.7,5.5131,100.23,-0.918
2019-08-06,2019-08-08,2019-11-07,91,91d,3.8343,CH0036183439,2008.4,35.7,408.4,4.9177,100.232,-0.916
2019-08-13,2019-08-15,2020-02-13,182,182d,6.8344,CH0036183447,2830.95,88.8,438.8,6.4516,100.518,-1.019
2019-08-20,2019-08-22,2019-11-21,91,91d,3.8345,CH0036183454,2135.3,6.5,410.3,5.2042,100.241,-0.951
2019-08-27,2019-08-29,2019-11-28,91,91d,3.8346,CH0036183462,1743.4,0.4,393.4,4.4316,100.241,-0.951
2019-09-03,2019-09-05,2019-12-05,91,91d,3.8347,CH0036183470,2041.55,145.55,400.55,5.0969,100.249,-0.983
2019-09-10,2019-09-12,2019-12-12,91,91d,3.8348,CH0036183488,1584.2,57.2,403.7,3.9242,100.254,-1.002
2019-09-17,2019-09-19,2019-12-19,91,91d,3.8349,CH0036183496,1124.95,5.95,108.95,10.3254,100.243,-0.959
2019-09-24,2019-09-26,2019-12-27,92,91d,3.835,CH0036183504,1365.5,38.0,365.5,3.736,100.205,-0.801
2019-10-01,2019-10-03,2020-04-02,182,182d,6.8351,CH0036183512,2481.75,4.75,618.75,4.0109,100.417,-0.821
2019-10-08,2019-10-10,2020-01-09,91,91d,3.8352,CH0036183520,2689.9,81.25,418.9,6.4213,100.231,-0.912
2019-10-15,2019-10-17,2020-01-16,91,91d,3.8353,CH0036183538,2143.0,123.25,454.0,4.7203,100.239,-0.943
2019-10-22,2019-10-24,2020-01-23,91,91d,3.8354,CH0036183546,1776.1,107.85,467.6,3.7983,100.239,-0.943
2019-10-29,2019-10-31,2020-01-30,91,91d,3.8355,CH0036183553,1390.5,1.5,351.5,3.9559,100.234,-0.924
2019-11-05,2019-11-07,2020-02-06,91,91d,3.8356,CH0036183561,1823.2,67.7,373.2,4.8853,100.211,-0.833
2019-11-12,2019-11-14,2020-05-14,182,182d,6.8357,CH0036183579,2218.0,56.0,373.0,5.9464,100.436,-0.859
2019-11-19,2019-11-21,2020-02-20,91,91d,3.8358,CH0036183587,2178.35,33.1,423.35,5.1455,100.21,-0.829
2019-11-26,2019-11-28,2020-02-27,91,91d,3.8359,CH0036183595,2075.4,125.4,315.4,6.5802,100.21,-0.829
2019-12-03,2019-12-05,2020-03-05,91,91d,3.836,CH0036183603,2670.9,177.15,377.9,7.0677,100.22,-0.868
2019-12-10,2019-12-12,2020-03-12,91,91d,3.8361,CH0036183611,2163.05,9.05,408.05,5.3009,100.218,-0.861
2019-12-17,2019-12-19,2020-03-19,91,91d,3.8362,CH0036183629,1236.7,5.95,113.7,10.8769,100.191,-0.754
2019-12-23,2019-12-27,2020-03-26,90,91d,3.8363,CH0036183637,2171.0,9.0,400.0,5.4275,100.188,-0.751
2019-12-30,2020-01-03,2020-12-31,363,364d,A.8364,CH0036183645,2615.3,5.2,155.3,16.8403,100.762,-0.75
2020-01-07,2020-01-09,2020-04-09,91,91d,3.4745,CH0510947457,3157.6,11.5,392.6,8.0428,100.192,-0.758
2020-01-14,2020-01-16,2020-04-16,91,91d,3.4746,CH0510947465,2877.2,98.7,421.2,6.831,100.195,-0.77
2020-01-21,2020-01-23,2020-04-23,91,91d,3.4747,CH0510947473,2584.65,92.9,384.65,6.7195,100.192,-0.758
2020-01-28,2020-01-30,2020-04-30,91,91d,3.4748,CH0510947481,3101.5,108.5,451.5,6.8693,100.193,-0.762
2020-02-04,2020-02-06,2020-05-07,91,91d,3.4749,CH0510947499,3105.35,40.7,400.35,7.7566,100.195,-0.77
2020-02-11,2020-02-13,2020-08-13,182,182d,6.475,CH0510947507,2945.2,8.7,462.7,6.3652,100.385,-0.759
2020-02-18,2020-02-20,2020-05-22,92,91d,3.4751,CH0510947515,2834.4,48.9,424.4,6.6786,100.194,-0.758
2020-02-25,2020-02-27,2020-05-28,91,91d,3.4752,CH0510947523,2929.5,0.5,464.5,6.3068,100.193,-0.762
2020-03-03,2020-03-05,2020-06-04,91,91d,3.4753,CH0510947531,2755.45,172.45,460.45,5.9843,100.203,-0.801
2020-03-10,2020-03-12,2020-06-11,91,91d,3.4754,CH0510947549,3782.9,60.4,467.9,8.0848,100.23,-0.908
2020-03-17,2020-03-19,2020-06-18,91,91d,3.4755,CH0510947556,2633.45,211.95,608.45,4.3281,100.249,-0.983
2020-03-24,2020-03-26,2020-06-25,91,91d,3.4756,CH0510947564,2743.65,61.15,633.65,4.3299,100.19,-0.75
2020-03-31,2020-04-02,2020-10-01,182,182d,6.4757,CH0510947572,3828.2,1.9,1193.2,3.2083,100.38,-0.749
2020-04-07,2020-04-09,2020-07-09,91,91d,3.4758,CH0510947580,3637.05,91.55,1184.55,3.0704,100.186,-0.734
2020-04-14,2020-04-16,2020-07-16,91,91d,3.4759,CH0510947598,3537.9,178.9,1456.4,2.4292,100.18,-0.711
2020-04-21,2020-04-23,2020-07-23,91,91d,3.476,CH0510947606,3846.9,90.9,1543.8,2.4918,100.18,-0.711
2020-04-28,2020-04-30,2020-07-30,91,91d,3.4761,CH0510947614,3484.95,38.65,924.95,3.7677,100.182,-0.719
2020-05-05,2020-05-07,2020-08-06,91,91d,3.4762,CH0510947622,3643.1,55.85,893.1,4.0792,100.18,-0.711
2020-05-12,2020-05-14,2020-11-12,182,182d,6.4763,CH0510947630,4603.95,178.65,1038.95,4.4313,100.365,-0.719
2020-05-19,2020-05-22,2020-08-20,90,91d,3.4764,CH0510947648,5239.85,40.5,849.85,6.1656,100.185,-0.739
2020-05-26,2020-05-28,2020-08-27,91,91d,3.4765,CH0510947655,3753.85,103.85,833.85,4.5018,100.186,-0.734
2020-06-02,2020-06-04,2020-09-03,91,91d,3.4766,CH0510947663,4329.35,47.35,850.3,5.0916,100.186,-0.734
2020-06-09,2020-06-11,2020-09-10,91,91d,3.4767,CH0510947671,3931.6,56.1,871.6,4.5108,100.186,-0.734
2020-06-16,2020-06-18,2020-09-17,91,91d,3.4768,CH0510947689,3794.3,83.3,800.0,4.7429,100.186,-0.734
2020-06-23,2020-06-25,2020-09-24,91,91d,3.4769,CH0510947697,3009.8,117.8,800.0,3.7622,100.186,-0.734
2020-06-30,2020-07-02,2021-07-01,364,364d,A.4770,CH0510947705,3313.715,47.75,800.0,4.1421,100.744,-0.73
2020-07-07,2020-07-09,2020-10-08,91,91d,3.4771,CH0510947713,4290.7,83.7,800.0,5.3634,100.186,-0.734
2020-07-14,2020-07-16,2020-10-15,91,91d,3.4772,CH0510947721,3284.2,154.7,794.2,4.1352,100.187,-0.738
2020-07-21,2020-07-23,2020-10-22,91,91d,3.4773,CH0510947739,4696.65,174.15,800.0,5.8708,100.187,-0.738
2020-07-28,2020-07-30,2020-10-29,91,91d,3.4774,CH0510947747,4371.7,54.2,800.0,5.4646,100.187,-0.738
2020-08-04,2020-08-06,2020-11-05,91,91d,3.4775,CH0510947754,4184.95,108.95,800.0,5.2312,100.188,-0.742
2020-08-11,2020-08-13,2021-02-11,182,182d,6.4776,CH0510947762,4587.05,184.55,962.05,4.768,100.376,-0.741
2020-08-18,2020-08-20,2020-11-19,91,91d,3.4777,CH0510947770,4123.0,52.9,800.0,5.1537,100.188,-0.742
2020-08-25,2020-08-27,2020-11-26,91,91d,3.4778,CH0510947788,4045.2,78.9,800.0,5.0565,100.189,-0.746
2020-09-01,2020-09-03,2020-12-03,91,91d,3.4779,CH0510947796,3124.6,135.6,724.6,4.3122,100.189,-0.746
2020-09-08,2020-09-10,2020-12-10,91,91d,3.478,CH0510947804,4070.7,59.7,750.7,5.4225,100.19,-0.75
2020-09-15,2020-09-17,2020-12-17,91,91d,3.4781,CH0510947812,3842.25,68.75,842.25,4.5619,100.189,-0.746
2020-09-22,2020-09-24,2020-12-24,91,91d,3.4782,CH0510947820,3692.75,86.25,792.75,4.6582,100.189,-0.746
2020-09-29,2020-10-01,2021-04-01,182,182d,6.4783,CH0510947838,4117.75,10.25,787.75,5.2272,100.383,-0.755
2020-10-06,2020-10-08,2021-01-07,91,91d,3.4784,CH0510947846,4204.05,111.35,754.05,5.5753,100.192,-0.758
2020-10-13,2020-10-15,2021-01-14,91,91d,3.4785,CH0510947853,5067.6,224.9,722.6,7.013,100.194,-0.766
2020-10-20,2020-10-22,2021-01-21,91,91d,3.4786,CH0510947861,4367.75,188.9,762.75,5.7263,100.196,-0.774
2020-10-27,2020-10-29,2021-01-28,91,91d,3.4787,CH0510947879,4974.1,225.1,754.1,6.5961,100.2,-0.79
2020-11-03,2020-11-05,2021-02-04,91,91d,3.4788,CH0510947887,4066.5,47.7,806.5,5.0422,100.202,-0.798
2020-11-10,2020-11-12,2021-05-14,183,182d,6.4789,CH0510947895,5210.7,233.8,1022.7,5.095,100.403,-0.79
2020-11-17,2020-11-19,2021-02-18,91,91d,3.479,CH0510947903,3995.85,146.05,875.85,4.5623,100.196,-0.744
2020-11-24,2020-11-26,2021-02-25,91,91d,3.4791,CH0510947911,4697.7,60.0,852.7,5.5092,100.204,-0.805
2020-12-01,2020-12-03,2021-03-04,91,91d,3.4792,CH0510947929,4204.25,120.45,800.0,5.2553,100.205,-0.809
2020-12-08,2020-12-10,2021-03-11,91,91d,3.4793,CH0510947937,4386.85,52.35,800.0,5.4836,100.203,-0.801
2020-12-15,2020-12-17,2021-03-18,91,91d,3.4794,CH0510947945,4257.0,82.0,807.0,5.2751,100.203,-0.801
2020-12-22,2020-12-24,2021-03-25,91,91d,3.4795,CH0510947952,3123.1,202.5,683.1,4.572,100.198,-0.782
2020-12-29,2020-12-31,2021-12-30,364,364d,A.4796,CH0510947960,3893.25,10.25,810.25,4.805,100.795,-0.78
2021-01-05,2021-01-07,2021-04-08,91,91d,3.4797,CH0510947978,3499.85,31.85,849.85,4.1182,100.191,-0.754
2021-01-12,2021-01-14,2021-04-15,91,91d,3.4798,CH0510947986,5152.55,258.85,792.55,6.5012,100.194,-0.766
2021-01-19,2021-01-21,2021-04-22,91,91d,3.4799,CH0510947994,5245.55,164.8,800.0,6.5569,100.195,-0.77
2021-01-26,2021-01-28,2021-04-29,91,91d,3.48,CH0510948000,4973.35,223.35,798.35,6.2295,100.196,-0.774
2021-02-02,2021-02-04,2021-05-06,91,91d,3.4801,CH0510948018,4070.65,93.65,770.65,5.2821,100.196,-0.774
2021-02-09,2021-02-11,2021-08-12,182,182d,6.4802,CH0510948026,4404.0,176.0,904.0,4.8717,100.391,-0.77
2021-02-16,2021-02-18,2021-05-20,91,91d,3.4803,CH0510948034,3100.5,150.2,854.5,3.6284,100.192,-0.758
2021-02-23,2021-02-25,2021-05-27,91,91d,3.4804,CH0510948042,4702.6,88.2,800.0,5.8783,100.192,-0.758
2021-03-02,2021-03-04,2021-06-03,91,91d,3.4805,CH0510948059,5034.65,133.85,800.0,6.2933,100.194,-0.766
2021-03-09,2021-03-11,2021-06-10,91,91d,3.4806,CH0510948067,3223.75,61.25,800.0,4.0297,100.19,-0.75
2021-03-16,2021-03-18,2021-06-17,91,91d,3.4807,CH0510948075,3338.1,32.6,783.1,4.2627,100.192,-0.758
2021-03-23,2021-03-25,2021-06-24,91,91d,3.4808,CH0510948083,4150.9,76.3,800.0,5.1886,100.194,-0.766
2021-03-30,2021-04-01,2021-09-30,182,182d,6.4809,CH0510948091,4521.4,21.65,896.4,5.044,100.391,-0.77
2021-04-06,2021-04-08,2021-07-08,91,91d,3.481,CH0510948109,3690.65,132.75,880.65,4.1908,100.192,-0.758
2021-04-13,2021-04-15,2021-07-15,91,91d,3.4811,CH0510948117,4763.0,175.8,800.0,5.9538,100.195,-0.77
2021-04-20,2021-04-22,2021-07-22,91,91d,3.4812,CH0510948125,4050.05,38.55,741.05,5.4653,100.197,-0.778
2021-04-27,2021-04-29,2021-07-29,91,91d,3.4813,CH0510948133,3190.55,187.55,800.0,3.9882,100.197,-0.778
2021-05-04,2021-05-06,2021-08-05,91,91d,3.4814,CH0510948141,3247.55,316.6,797.6,4.0717,100.197,-0.778
2021-05-11,2021-05-14,2021-11-11,181,182d,6.4815,CH0510948158,3185.55,48.65,810.55,3.9301,100.385,-0.763
2021-05-18,2021-05-20,2021-08-19,91,91d,3.4816,CH0510948166,2732.65,240.9,802.65,3.4045,100.197,-0.778
2021-05-25,2021-05-27,2021-08-26,91,91d,3.4817,CH0510948174,2776.8,273.4,751.8,3.6935,100.196,-0.774
2021-06-01,2021-06-03,2021-09-02,91,91d,3.4818,CH0510948182,2896.0,32.3,800.0,3.62,100.194,-0.766
2021-06-08,2021-06-10,2021-09-09,91,91d,3.4819,CH0510948190,3740.75,96.25,766.25,4.8819,100.194,-0.766
2021-06-15,2021-06-17,2021-09-16,91,91d,3.482,CH0510948208,2814.25,70.75,800.0,3.5178,100.195,-0.77
2021-06-22,2021-06-24,2021-09-23,91,91d,3.4821,CH0510948216,2334.3,104.5,848.5,2.7511,100.195,-0.77
2021-06-29,2021-07-01,2022-06-30,364,364d,A.4822,CH0510948224,2357.2,70.2,837.2,2.8156,100.764,-0.75
2021-07-06,2021-07-08,2021-10-07,91,91d,3.4823,CH0510948232,2928.3,168.5,800.0,3.6604,100.195,-0.77
2021-07-13,2021-07-15,2021-10-14,91,91d,3.4824,CH0510948240,2394.45,109.05,779.45,3.072,100.196,-0.774
2021-07-20,2021-07-22,2021-10-21,91,91d,3.4825,CH0510948257,3010.6,32.1,800.0,3.7632,100.197,-0.778
2021-07-27,2021-07-29,2021-10-28,91,91d,3.4826,CH0510948265,2351.5,168.5,800.0,2.9394,100.198,-0.782
2021-08-03,2021-08-05,2021-11-04,91,91d,3.4827,CH0510948273,2105.85,180.05,805.85,2.6132,100.195,-0.77
2021-08-10,2021-08-12,2022-02-10,182,182d,6.4828,CH0510948281,2553.55,110.55,840.55,3.038,100.396,-0.780207
2021-08-17,2021-08-19,2021-11-18,91,91d,3.4829,CH0510948299,2168.15,158.15,778.15,2.7863,100.196,-0.774
2021-08-24,2021-08-26,2021-11-25,91,91d,3.483,CH0510948307,2053.9,176.4,828.9,2.4779,100.19,-0.75
2021-08-31,2021-09-02,2021-12-02,91,91d,3.4831,CH0510948315,2343.85,184.85,773.85,3.0288,100.195,-0.77
2021-09-07,2021-09-09,2021-12-09,91,91d,3.8432,CH0510948323,1929.45,88.2,699.45,2.7585,100.19,-0.75
2021-09-14,2021-09-16,2021-12-16,91,91d,3.4833,CH0510948331,2080.5,104.75,720.5,2.8876,100.189,-0.746
2021-09-21,2021-09-23,2021-12-23,91,91d,3.4834,CH0510948349,2635.7,99.6,600.0,4.3928,100.19,-0.75
2021-09-28,2021-09-30,2022-03-31,182,182d,6.4835,CH0510948356,3345.45,41.85,636.95,5.2523,100.394,-0.776
2021-10-05,2021-10-07,2022-01-06,91,91d,3.4836,CH0510948364,3004.8,156.55,600.0,5.008,100.202,-0.798
2021-10-12,2021-10-14,2022-01-13,91,91d,3.4837,CH0510948372,2169.3,45.3,609.3,3.5603,100.2,-0.79
2021-10-19,2021-10-21,2022-01-20,91,91d,3.4838,CH0510948380,2159.25,26.25,779.25,2.7709,100.198,-0.782
2021-10-26,2021-10-28,2022-01-27,91,91d,3.4839,CH0510948398,3043.3,123.3,836.3,3.639,100.203,-0.801
2021-11-02,2021-11-04,2022-02-03,91,91d,3.484,CH0510948406,2360.55,100.203,600.0,3.9343,100.203,-0.801
2021-11-09,2021-11-11,2022-05-12,182,182d,6.4841,CH0510948414,2864.95,68.55,649.95,4.408,100.404,-0.795905
2021-11-16,2021-11-18,2022-02-17,91,91d,3.4842,CH0510948422,2347.25,11.25,585.75,4.0073,100.205,-0.809
2021-11-23,2021-11-25,2022-02-24,91,91d,3.4843,CH0510948430,2761.1,168.4,594.1,4.6475,100.213,-0.841
2021-11-30,2021-12-02,2022-03-03,91,91d,3.4844,CH0510948448,1940.3,78.8,630.3,3.0784,100.215,-0.849
2021-12-07,2021-12-09,2022-03-10,91,91d,3.4845,CH0510948455,2122.6,208.6,592.6,3.5818,100.215,-0.849
2021-12-14,2021-12-16,2022-03-17,91,91d,3.4846,CH0510948463,1984.75,202.25,654.75,3.0313,100.215,-0.849
2021-12-21,2021-12-23,2022-03-24,91,91d,3.4847,CH0510948471,1833.65,53.15,533.65,3.4361,100.206,-0.813
2021-12-28,2021-12-30,2022-12-29,364,364d,A.4848,CH0510948489,1961.1,60.2,461.1,4.2531,100.754,-0.74
2022-01-04,2022-01-06,2022-04-07,91,91d,3.0727,CH1145907270,1806.85,118.15,626.85,2.8824,100.193,-0.762
2022-01-11,2022-01-13,2022-04-14,91,91d,3.0728,CH1145907288,2389.1,152.6,603.1,3.9614,100.2,-0.79
2022-01-18,2022-01-20,2022-04-21,91,91d,3.0729,CH1145907296,1733.4,35.1,620.6,2.7931,100.195,-0.77
2022-01-25,2022-01-27,2022-04-28,91,91d,3.073,CH1145907304,2243.3,149.0,650.3,3.4496,100.2,-0.79
2022-02-01,2022-02-03,2022-05-05,91,91d,3.0731,CH1145907312,2171.85,116.55,626.85,3.4647,100.199,-0.786
2022-02-08,2022-02-10,2022-08-11,182,182d,6.0732,CH1145907320,2399.4,96.4,658.4,3.6443,100.383,-0.755
2022-02-15,2022-02-17,2022-05-19,91,91d,3.0733,CH1145907338,1564.7,32.7,544.7,2.8726,100.196,-0.774
2022-02-22,2022-02-24,2022-05-27,92,91d,3.0734,CH1145907346,1402.1,52.6,402.1,3.4869,100.196,-0.765
2022-03-01,2022-03-03,2022-06-02,91,91d,3.0735,CH1145907353,3298.7,89.2,629.7,5.2385,100.205,-0.809
2022-03-08,2022-03-10,2022-06-09,91,91d,3.0736,CH1145907361,2969.5,199.0,594.5,4.995,100.208,-0.821
2022-03-15,2022-03-17,2022-06-16,91,91d,3.0737,CH1145907379,2851.75,115.75,540.75,5.2737,100.199,-0.786
2022-03-22,2022-03-24,2022-06-23,91,91d,3.0738,CH1145907387,2865.35,31.35,466.85,6.1376,100.198,-0.782
2022-03-29,2022-03-31,2022-09-29,182,182d,6.0739,CH1145907395,1919.25,29.75,639.25,3.0023,100.365,-0.719
2022-04-05,2022-04-07,2022-07-07,91,91d,3.074,CH1145907403,1830.35,106.35,536.85,3.4094,100.196,-0.774
2022-04-12,2022-04-14,2022-07-14,91,91d,3.0741,CH1145907411,2047.2,34.7,501.5,4.0822,100.2,-0.79
2022-04-19,2022-04-21,2022-07-21,91,91d,3.0742,CH1145907429,1520.8,34.3,520.8,2.9201,100.177,
2022-04-26,2022-04-28,2022-07-28,91,91d,3.0743,CH1145907437,3757.45,68.95,458.95,8.1871,100.19,-0.75
2022-05-03,2022-05-05,2022-08-04,91,91d,3.0744,CH1145907445,3192.95,81.45,483.45,6.6045,100.191,-0.754
2022-05-10,2022-05-12,2022-11-10,182,182d,6.0745,CH1145907452,2368.05,130.55,613.05,3.8627,100.355,-0.7
2022-05-17,2022-05-19,2022-08-18,91,91d,3.0746,CH1145907460,2894.9,33.4,516.4,5.6059,100.21,-0.829
2022-05-24,2022-05-27,2022-08-25,90,91d,3.0747,CH1145907478,2954.4,52.9,418.9,7.0528,100.189,-0.755
2022-05-31,2022-06-02,2022-09-01,91,91d,3.0748,CH1145907486,2393.8,64.7,331.8,7.2146,100.19,-0.75
2022-06-07,2022-06-09,2022-09-08,91,91d,3.0749,CH1145907494,1739.55,91.05,436.55,3.9848,100.19,-0.75
2022-06-14,2022-06-16,2022-09-15,91,91d,3.075,CH1145907502,1717.35,105.85,510.85,3.3618,100.192,-0.758
2022-06-21,2022-06-23,2022-09-22,91,91d,3.0751,CH1145907510,2106.45,26.95,406.45,5.1826,100.062,-0.245
2022-06-28,2022-06-30,2023-06-29,364,364d,A.0752,CH1145907528,1927.45,45.45,257.45,7.4867,99.845,0.154
2022-07-05,2022-07-07,2022-10-06,91,91d,3.0753,CH1145907536,2247.65,63.15,515.65,4.3589,100.06,-0.237
2022-07-12,2022-07-14,2022-10-13,91,91d,3.0754,CH1145907544,2377.2,50.7,496.2,4.7908,100.061,-0.241
2022-07-19,2022-07-21,2022-10-20,91,91d,3.0755,CH1145907551,2284.0,93.0,484.0,4.719,100.06,-0.237
2022-07-26,2022-07-28,2022-10-27,91,91d,3.0756,CH1145907569,2199.45,48.95,349.45,6.294,100.02,-0.079
2022-08-02,2022-08-04,2022-11-03,91,91d,3.0757,CH1145907577,2411.45,27.45,311.45,7.7427,100.028,-0.111
2022-08-09,2022-08-11,2023-02-09,182,182d,6.0758,CH1145907585,1877.05,63.65,677.05,2.7724,99.874,0.25
2022-08-16,2022-08-18,2022-11-17,91,91d,3.0759,CH1145907593,2555.3,48.8,426.8,5.9871,100.06,-0.237
2022-08-23,2022-08-25,2022-11-24,91,91d,3.076,CH1145907601,1563.95,28.75,393.95,3.9699,100.0,0.0
2022-08-30,2022-09-01,2022-12-01,91,91d,3.0761,CH1145907619,2010.7,103.7,525.2,3.8284,100.0,0.0
2022-09-06,2022-09-08,2022-12-08,91,91d,3.0762,CH1145907627,2398.35,40.85,543.35,4.414,99.948,0.206
2022-09-13,2022-09-15,2022-12-15,91,91d,3.0763,CH1145907635,2785.2,108.55,620.2,4.4908,99.939,0.241
2022-09-20,2022-09-22,2022-12-22,91,91d,3.0764,CH1145907643,2821.3,88.3,521.3,5.412,99.875,0.495
2022-09-27,2022-09-29,2023-03-30,182,182d,6.0765,CH1145907650,3144.35,100.45,849.35,3.7021,99.557,0.88
2022-10-04,2022-10-06,2023-01-05,91,91d,3.0766,CH1145907668,3650.8,207.35,629.35,5.8009,99.924,0.301
2022-10-11,2022-10-13,2023-01-12,91,91d,3.0767,CH1145907676,2828.05,208.85,712.35,3.97,99.94,0.238
2022-10-18,2022-10-20,2023-01-19,91,91d,3.0768,CH1145907684,2019.55,161.6,668.55,3.0208,99.9,0.396
2022-10-25,2022-10-27,2023-01-26,91,91d,3.0769,CH1145907692,2252.45,95.45,626.45,3.5956,99.891,0.432
2022-11-01,2022-11-03,2023-02-02,91,91d,3.077,CH1145907700,3552.65,119.45,937.35,3.7901,99.891,0.432
2022-11-08,2022-11-10,2023-05-11,182,182d,6.0771,CH1145907718,2707.5,143.7,1057.5,2.5603,99.582,0.83
2022-11-15,2022-11-17,2023-02-16,91,91d,3.0772,CH1145907726,3801.1,107.1,1070.6,3.5504,99.884,0.459
2022-11-22,2022-11-24,2023-02-23,91,91d,3.0773,CH1145907734,3155.8,46.35,1120.6,2.8162,99.884,0.459
2022-11-29,2022-12-01,2023-03-02,91,91d,3.0774,CH1145907742,3820.9,123.55,1200.9,3.1817,99.876,0.491
2022-12-06,2022-12-08,2023-03-09,91,91d,3.0775,CH1145907759,2940.9,40.55,960.9,3.0606,99.86,0.555
2022-12-13,2022-12-15,2022-03-16,91,91d,3.0776,CH1145907767,2874.75,173.9,1524.75,1.8854,99.788,0.84
2022-12-20,2022-12-22,2022-03-23,91,91d,3.0777,CH1145907775,4088.55,189.45,1448.4,2.8228,99.781,0.868
2022-12-27,2022-12-29,2023-12-28,364,364d,A.0778,CH1145907783,2788.8,38.7,1183.8,2.3558,98.504,1.502
2023-01-03,2023-01-05,2023-04-06,91,91d,3.0779,CH1145907791,3753.8,166.65,1138.8,3.2963,99.758,0.96
2023-01-10,2023-01-12,2023-04-13,91,91d,3.078,CH1145907809,5102.1,192.55,1143.2,4.463,99.762,0.944
2023-01-17,2023-01-19,2023-04-20,91,91d,3.0781,CH1145907817,2780.15,94.4,1305.15,2.1301,99.743,1.019
2023-01-24,2023-01-26,2023-04-27,91,91d,3.0782,CH1145907825,3576.05,169.15,2131.05,1.6781,99.723,1.099
2023-01-31,2023-02-02,2023-05-04,91,91d,3.0783,CH1145907833,4999.95,177.85,2144.8,2.3312,99.715,1.131
2023-02-07,2023-02-09,2023-08-10,182,182d,6.0784,CH1145907841,6037.35,118.85,1488.35,4.0564,99.342,1.31
2023-02-14,2023-02-16,2023-05-19,92,91d,3.0785,CH1145907858,6395.5,344.3,1231.3,5.1941,99.711,1.134
2023-02-21,2023-02-23,2023-05-25,91,91d,3.0786,CH1145907866,5987.1,79.55,1428.0,4.1926,99.705,1.17
2023-02-28,2023-03-02,2023-06-01,91,91d,3.0787,CH1145907874,4764.05,137.8,1158.85,4.111,99.701,1.186
2023-03-07,2023-03-09,2023-06-08,91,91d,3.0788,CH1145907882,5467.6,134.0,1207.6,4.5277,99.663,1.338
2023-03-14,2023-03-16,2023-06-15,91,91d,3.0789,CH1145907890,3966.35,254.35,1181.5,3.357,99.731,1.067
2023-03-21,2023-03-23,2023-06-22,91,91d,3.079,CH1145907908,5404.75,548.7,1256.8,4.3004,99.725,1.091
2023-03-28,2023-03-30,2023-09-28,182,182d,6.0791,CH1145907916,6767.3,892.65,1014.3,6.6719,99.35,1.3
2023-04-04,2023-04-06,2023-07-06,91,91d,3.0792,CH1145907924,5182.35,320.05,1055.35,4.9106,99.685,1.25
2023-04-11,2023-04-13,2023-07-13,91,91d,3.0793,CH1145907932,4271.15,176.3,1046.65,4.0808,99.68,1.27
2023-04-18,2023-04-20,2023-07-20,91,91d,3.0794,CH1145907940,4483.4,269.55,1183.4,3.7886,99.674,1.294
2023-04-25,2023-04-27,2023-07-27,91,91d,3.0795,CH1145907957,3323.1,243.5,1004.6,3.3079,99.671,1.306
2023-05-02,2023-05-04,2023-08-03,91,91d,3.0796,CH1145907965,2746.25,421.2,851.75,3.2242,99.671,1.306
2023-05-09,2023-05-11,2023-11-09,182,182d,6.0797,CH1145907973,3704.85,159.4,852.85,4.3441,99.272,1.451
2023-05-16,2023-05-19,2023-08-17,90,91d,3.0798,CH1145907981,4059.05,405.1,871.05,4.66,99.665,1.345
2023-05-23,2023-05-25,2023-08-24,91,91d,3.0799,CH1145907999,4222.9,250.75,827.9,5.1007,99.644,1.413
2023-05-30,2023-06-01,2023-08-31,91,91d,3.08,CH1145908005,3905.05,264.9,863.05,4.5247,99.637,1.441
2023-06-06,2023-06-08,2023-09-07,91,91d,3.0801,CH1145908013,3098.05,179.15,838.75,3.6937,99.633,1.457
2023-06-13,2023-06-15,2023-09-14,91,91d,3.0802,CH1145908021,2624.4,131.55,1004.4,2.6129,99.591,1.625
2023-06-20,2023-06-22,2023-09-21,91,91d,3.0803,CH1145908039,2505.2,443.4,889.2,2.8174,99.585,1.6486
2023-06-27,2023-06-29,2024-06-27,364,364d,A.0804,CH1145908047,2616.55,131.05,467.55,5.5963,98.236,1.776
2023-07-04,2023-07-06,2023-10-05,91,91d,3.0805,CH1145908054,2213.75,323.7,788.85,2.8063,99.582,1.661
2023-07-11,2023-07-13,2023-10-12,91,91d,3.0806,CH1145908062,3993.6,119.55,969.1,4.1209,99.583,1.657
2023-07-18,2023-07-20,2023-10-19,91,91d,3.0807,CH1145908070,2509.45,254.75,897.95,2.7946,99.578,1.677
2023-07-25,2023-07-27,2023-10-26,91,91d,3.0808,CH1145908088,3872.5,279.45,897.5,4.3148,99.57,1.708
2023-07-31,2023-08-03,2023-11-02,91,91d,3.0809,CH1145908096,2468.9,273.2,911.0,2.7101,99.573,1.696
2023-08-08,2023-08-10,2024-02-08,182,182d,6.081,CH1145908104,4749.95,359.6,1259.95,3.77,99.127,1.742
2023-08-15,2023-08-17,2023-11-16,91,91d,3.0811,CH1145908112,4887.95,516.6,850.555,5.7468,99.576,1.685
2023-08-22,2023-08-24,2023-11-23,91,91d,3.0812,CH1145908120,4561.0,223.35,811.0,5.6239,99.574,1.692
2023-08-29,2023-08-31,2023-11-30,91,91d,3.0813,CH1145908138,2724.55,239.9,834.55,3.2647,99.565,1.728
2023-09-05,2023-09-07,2023-12-07,91,91d,3.0814,CH1145908146,2992.15,93.0,767.15,3.9003,99.565,1.728
2023-09-12,2023-09-14,2023-12-14,91,91d,3.0815,CH1145908153,2759.95,231.55,829.95,3.3254,99.559,1.752
2023-09-19,2023-09-21,2023-12-21,91,91d,3.0816,CH1145908161,3435.3,164.6,900.0,3.817,99.549,1.792
2023-09-26,2023-09-28,2024-03-28,182,182d,6.0817,CH1145908179,4855.15,173.9,973.95,4.985,99.159,1.678
2023-10-03,2023-10-05,2024-01-04,91,91d,3.0818,CH1145908187,6421.8,217.85,779.3,8.2405,99.597,1.601
2023-10-10,2023-10-12,2024-01-11,91,91d,3.0819,CH1145908195,4127.95,210.1,1091.65,3.7814,99.601,1.585
2023-10-17,2023-10-19,2024-01-18,91,91d,3.082,CH1145908203,4481.95,217.55,788.45,5.6845,99.602,1.581
2023-10-24,2023-10-26,2024-01-25,91,91d,3.0821,CH1145908211,2934.65,181.7,747.15,3.9278,99.603,1.577
2023-10-31,2023-11-02,2024-02-01,91,91d,3.0822,CH1145908229,2590.6,215.4,748.1,3.4629,99.605,1.569
2023-11-07,2023-11-09,2024-05-10,183,182d,6.0823,CH1145908237,3111.5,132.6,951.5,3.2701,99.17,1.646
2023-11-14,2023-11-16,2024-02-15,91,91d,3.0824,CH1145908245,3462.8,290.95,737.8,4.6934,99.594,1.613
2023-11-21,2023-11-23,2024-02-22,91,91d,3.0825,CH1145908252,2024.9,156.7,689.9,2.9351,99.59,1.629
2023-11-28,2023-11-30,2024-02-29,91,91d,3.0826,CH1145908260,2525.25,314.35,747.25,3.3794,99.595,1.609
2023-12-05,2023-12-07,2024-03-07,91,91d,3.0827,CH1145908278,2484.1,137.15,1064.1,2.3345,99.595,1.609
2023-12-12,2023-12-14,2024-03-14,91,91d,3.0828,CH1145908286,1973.7,130.8,973.7,2.027,99.577,1.681
2023-12-19,2023-12-21,2024-03-21,91,91d,3.0829,CH1145908294,3700.6,428.45,985.1,3.7566,99.582,1.661
2023-12-22,2023-12-28,2024-12-27,365,364d,A.0830,CH1145908302,3321.55,111.55,964.15,3.4451,98.59,1.411
2023-12-29,2024-01-04,2024-04-04,91,91d,3.0831,CH1145908310,2538.45,150.95,773.45,3.282,99.578,1.677
2024-01-09,2024-01-11,2024-04-11,91,91d,3.0832,CH1145908328,4148.85,197.75,1058.85,3.9183,99.585,1.649
2024-01-16,2024-01-18,2024-04-18,91,91d,3.0833,CH1145908336,4522.7,195.8,1112.7,4.0646,99.59,1.629
2024-01-23,2024-01-25,2024-04-25,91,91d,3.0834,CH1145908344,4101.55,237.25,1041.55,3.9379,99.59,1.629
2024-01-30,2024-02-01,2024-05-02,91,91d,3.0835,CH1145908351,3552.02,145.15,977.05,3.6355,99.591,1.625
2024-02-06,2024-02-08,2024-08-08,182,182d,6.0836,CH1145908369,2713.85,171.9,1118.85,2.4256,99.207,1.581
2024-02-13,2024-02-15,2024-05-16,91,91d,3.0837,CH1145908377,5347.4,411.5,1133.4,4.718,99.604,1.573
2024-02-20,2024-02-22,2024-05-23,91,91d,3.0838,CH1145908385,3100.0,187.25,1152.5,2.6898,99.602,1.581
2024-02-27,2024-02-29,2024-05-30,91,91d,3.0839,CH1145908393,3059.45,256.85,900.0,3.3994,99.604,1.573
2024-03-05,2024-03-07,2024-06-06,91,91d,3.084,CH1145908401,4168.35,437.9,856.85,4.8647,99.61,1.549
2024-03-12,2024-03-14,2024-06-13,91,91d,3.0841,CH1145908419,3474.8,287.3,752.8,4.6158,99.605,1.568834
2024-03-19,2024-03-21,2024-06-20,91,91d,3.0842,CH1145908427,2471.2,211.2,711.2,3.4747,99.6,1.589
2024-03-26,2024-03-28,2024-09-26,182,182d,6.0843,CH1145908435,3049.6,172.0,692.6,4.4031,99.34,1.314
2024-04-02,2024-04-04,2024-07-04,91,91d,3.0844,CH1145908443,3963.65,264.75,745.65,5.3157,99.65,1.389
2024-04-09,2024-04-11,2024-07-11,91,91d,3.0845,CH1145908450,2887.15,262.35,659.15,4.3801,99.662,1.342
2024-04-16,2024-04-18,2024-07-18,91,91d,3.0846,CH1145908468,2998.3,517.4,609.8,4.9169,99.68,1.27
2024-04-23,2024-04-25,2024-07-25,91,91d,3.0847,CH1145908476,2776.05,145.15,576.05,4.8191,99.667,1.321764
2024-04-30,2024-05-02,2024-08-02,92,91d,3.0848,CH1145908484,2247.2,195.15,677.2,3.3184,99.667,1.307397
2024-05-07,2024-05-10,2024-11-07,181,182d,6.0849,CH1145908492,3915.35,108.55,625.35,6.2611,99.38,1.241
2024-05-14,2024-05-16,2024-08-15,91,91d,3.085,CH1145908500,2263.0,188.2,688.0,3.2892,99.676,1.286
2024-05-21,2024-05-23,2024-08-22,91,91d,3.0851,CH1145908518,3085.15,225.95,775.15,3.9801,99.678,1.278
2024-05-28,2024-05-30,2024-08-29,91,91d,3.0852,CH1145908526,3061.15,275.3,521.15,5.8738,99.673,1.29787
2024-06-04,2024-06-06,2024-09-05,91,91d,3.0853,CH1145908534,3342.95,156.9,516.45,6.4729,99.678,1.278
2024-06-11,2024-06-13,2024-09-12,91,91d,3.0854,CH1145908542,3282.4,335.85,588.4,5.5785,99.678,1.278
2024-06-18,2024-06-20,2024-09-19,91,91d,3.0855,CH1145908559,3094.25,239.8,696.75,4.441,99.689,1.234168
2024-06-25,2024-06-27,2025-06-26,364,364d,A.0856,CH1145908567,2961.5,90.95,544.45,5.4394,99.017,0.982
2024-07-02,2024-07-04,2024-10-03,91,91d,3.0857,CH1145908575,3313.65,163.25,762.65,4.3449,99.715,1.131
2024-07-09,2024-07-11,2024-10-10,91,91d,3.0858,CH1145908583,3817.85,246.15,670.35,5.6953,99.735,1.051
2024-07-16,2024-07-18,2024-10-17,91,91d,3.0859,CH1145908591,3148.4,213.35,573.4,5.4908,99.729,1.075
2024-07-23,2024-07-25,2024-10-24,91,91d,3.086,CH1145908609,2585.7,172.55,660.7,3.9136,99.725,1.091
2024-07-30,2024-08-02,2024-10-31,90,91d,3.0861,CH1145908617,2603.95,125.5,553.95,4.7007,99.731,1.078902
2024-08-06,2024-08-08,2025-02-06,182,182d,6.0862,CH1145908625,2779.75,252.45,534.25,5.2031,99.576,0.842
2024-08-13,2024-08-15,2024-11-14,91,91d,3.0863,CH1145908633,3125.35,389.9,588.7,5.3089,99.773,0.900065
2024-08-20,2024-08-22,2024-11-21,91,91d,3.0864,CH1145908641,3655.75,184.2,781.25,4.6794,99.761,0.94776
2024-08-27,2024-08-29,2024-11-28,91,91d,3.0865,CH1145908658,3707.3,284.8,755.8,4.9051,99.776,0.888143
2024-09-03,2024-09-05,2024-12-05,91,91d,3.0866,CH1145908666,3160.3,211.4,835.3,3.7834,99.771,0.908013
2024-09-10,2024-09-12,2024-12-12,91,91d,3.0867,CH1145908674,2851.1,250.05,650.0,4.3863,99.775,0.892
2024-09-17,2024-09-19,2024-12-19,91,91d,3.0868,CH1145908682,2652.85,264.1,650.0,4.0813,99.788,0.84
2024-09-24,2024-09-26,2025-03-27,182,182d,6.0869,CH1145908690,2452.15,83.9,632.15,3.8791,99.645,0.705
2024-10-01,2024-10-03,2025-01-03,92,91d,3.087,CH1145908708,2425.3,306.25,575.3,4.2157,99.788,0.831
2024-10-08,2024-10-10,2025-01-09,91,91d,3.0871,CH1145908716,2824.5,295.9,536.5,5.2647,99.82,0.713
2024-10-15,2024-10-17,2025-01-16,91,91d,3.0872,CH1145908724,2614.35,196.05,609.75,4.2876,99.821,0.709
2024-10-22,2024-10-24,2025-01-23,91,91d,3.0873,CH1145908732,2036.45,121.7,706.45,2.8827,99.811,0.749
2024-10-29,2024-10-31,2025-01-30,91,91d,3.0874,CH1145908740,2810.9,249.2,661.4,4.2499,99.829,0.678
2024-11-05,2024-11-07,2025-05-08,182,182d,6.0875,CH1145908757,2165.75,118.2,700.75,3.0906,99.724,0.547
2024-11-12,2024-11-14,2025-02-13,91,91d,3.0876,CH1145908765,2894.65,287.85,655.35,4.417,99.874,0.49909
2024-11-19,2024-11-21,2025-02-20,91,91d,3.0877,CH1145908773,2658.2,401.5,683.45,3.8894,99.878,0.483
2024-11-26,2024-11-28,2025-02-27,91,91d,3.0878,CH1145908781,2149.3,318.95,581.3,3.6974,99.859,0.55859
2024-12-03,2024-12-05,2025-03-06,91,91d,3.0879,CH1145908799,1960.4,437.7,555.4,3.5297,99.866,0.530821
2024-12-10,2024-12-12,2025-03-13,91,91d,3.088,CH1145908807,2762.45,366.45,708.95,3.8965,99.891,0.432
2024-12-17,2024-12-19,2025-03-20,91,91d,3.0881,CH1145908815,2642.3,376.0,512.7,5.1537,99.912,0.348
2024-12-23,2024-12-27,2025-12-29,367,364d,A.0882,CH1145908823,643.1,11.6,453.1,1.4193,99.898,0.100157
2024-12-30,2025-01-03,2025-04-03,90,91d,3.8064,CH1307180641,1400.15,42.8,350.15,3.9987,99.912,0.35231
2025-01-07,2025-01-09,2025-04-10,91,91d,3.8065,CH1307180658,3107.7,253.35,686.2,4.5289,99.918,0.324662
2025-01-14,2025-01-16,2025-04-17,91,91d,3.8066,CH1307180666,3204.65,313.3,746.3,4.2941,99.932,0.269194
2025-01-21,2025-01-23,2025-04-24,91,91d,3.8067,CH1307180674,3011.4,105.9,803.4,3.7483,99.94,0.238
2025-01-28,2025-01-30,2025-05-02,92,91d,3.8068,CH1307180682,2301.4,528.5,699.85,3.2884,99.96,0.156584
2025-02-04,2025-02-06,2025-08-07,182,182d,6.8069,CH1307180690,1655.0,61.05,575.0,2.8783,99.916,0.166
2025-02-11,2025-02-13,2025-05-15,91,91d,3.807,CH1307180708,2075.1,508.1,659.1,3.1484,99.956,0.174
2025-02-18,2025-02-20,2025-05-22,91,91d,3.8071,CH1307180716,2375.15,353.85,591.15,4.0178,99.953,0.186
2025-02-25,2025-02-27,2025-05-30,92,91d,3.8072,CH1307180724,1863.05,405.25,632.05,2.9476,99.949,0.199667
2025-03-04,2025-03-06,2025-06-05,91,91d,3.8073,CH1307180732,2074.35,733.8,749.9,2.7662,100.0,0.0
2025-03-11,2025-03-13,2025-06-12,91,91d,3.8074,CH1307180740,2561.45,59.05,518.95,4.9358,99.953,0.186
2025-03-18,2025-03-20,2025-06-19,91,91d,3.8075,CH1307180757,2474.95,37.25,523.9,4.7241,99.955,0.178
2025-03-25,2025-03-27,2025-09-25,182,182d,6.8076,CH1307180765,2066.15,7.55,416.15,4.9649,99.912,0.174219
2025-04-01,2025-04-03,2025-07-03,91,91d,3.8077,CH1307180773,3239.9,49.5,476.75,6.7958,99.971,0.115
2025-04-08,2025-04-10,2025-07-10,91,91d,3.8078,CH1307180781,2071.6,81.6,456.55,4.5375,99.995,0.019781
2025-04-15,2025-04-17,2025-07-17,91,91d,3.8079,CH1307180799,2588.15,313.75,608.2,4.2554,100.0,0.0
2025-04-22,2025-04-24,2025-07-24,91,91d,3.808,CH1307180807,2154.95,205.15,445.15,4.841,100.001,-0.004
2025-04-29,2025-05-02,2025-07-31,90,91d,3.8081,CH1307180815,1526.4,351.3,502.5,3.0376,100.002,-0.008
2025-05-06,2025-05-08,2025-11-06,182,182d,6.8082,CH1307180823,2612.25,54.15,454.15,5.752,100.1,-0.197605
2025-05-13,2025-05-15,2025-08-14,91,91d,3.8083,CH1307180831,1745.2,212.1,442.1,3.9475,100.035,-0.138
2025-05-20,2025-05-22,2025-08-21,91,91d,3.8084,CH1307180849,1612.55,211.55,381.55,4.2263,100.033,-0.130506
2025-05-27,2025-05-30,2025-08-28,90,91d,3.8085,CH1307180856,1601.5,330.5,475.5,3.368,100.023,-0.091979
2025-06-03,2025-06-05,2025-09-04,91,91d,3.8086,CH1307180864,2040.0,312.0,614.0,3.3225,100.033,-0.130506
2025-06-10,2025-06-12,2025-09-11,91,91d,3.8087,CH1307180872,2477.75,217.75,617.75,4.0109,100.028,-0.110738
2025-06-17,2025-06-19,2025-09-18,91,91d,3.8088,CH1307180880,2284.3,226.2,414.2,5.515,100.035,-0.138
2025-06-24,2025-06-26,2026-06-25,364,364d,A.8089,CH1307180898,2336.9,34.4,434.4,5.3796,100.18,-0.177702
2025-07-01,2025-07-03,2025-10-02,91,91d,3.809,CH1307180906,1826.1,293.1,593.1,3.0789,100.058,-0.229
2025-07-08,2025-07-10,2025-10-09,91,91d,3.0891,CH1307180914,1779.05,233.55,533.55,3.3344,100.05,-0.197703
2025-07-15,2025-07-17,2025-10-16,91,91d,3.8092,CH1307180922,1681.3,206.3,521.3,3.2252,100.026,-0.10283
2025-07-22,2025-07-24,2025-10-23,91,91d,3.8093,CH1307180930,1912.35,242.35,521.35,3.6681,100.039,-0.154
2025-07-29,2025-07-31,2025-10-30,91,91d,3.8094,CH1307180948,2001.0,350.6,551.0,3.6316,100.063,-0.249074
2025-08-05,2025-08-07,2026-02-05,182,182d,6.8095,CH1307180955,1777.25,12.25,507.25,3.5037,100.08,-0.158
2025-08-12,2025-08-14,2025-11-13,91,91d,3.8096,CH1307180963,1584.9,213.9,529.9,2.9909,100.03,-0.118646
2025-08-19,2025-08-21,2025-11-20,91,91d,3.8097,CH1307180971,1524.25,225.25,425.25,3.5844,100.063,-0.249074
2025-08-26,2025-08-28,2025-11-27,91,91d,3.8098,CH1307180989,1364.85,159.95,344.85,3.9578,100.021,-0.083
2025-09-02,2025-09-04,2025-12-04,91,91d,3.8099,CH1307180997,2567.55,216.45,725.45,3.5393,100.026,-0.10283
2025-09-09,2025-09-11,2025-12-11,91,91d,3.81,CH1307181003,2529.65,223.25,536.25,4.7173,100.028,-0.110738
2025-09-16,2025-09-18,2025-12-18,91,91d,3.8101,CH1307181011,2194.2,224.8,439.8,4.9891,100.029,-0.115
2025-09-23,2025-09-25,2026-03-26,182,182d,6.8102,CH1307181029,1733.4,9.4,296.4,5.8482,100.057,-0.113
2025-09-30,2025-10-02,2026-01-05,95,91d,3.8103,CH1307181037,1969.5,217.5,549.5,3.5842,100.024,-0.091
2025-10-07,2025-10-09,2026-01-08,91,91d,3.8104,CH1307181045,1709.3,103.3,544.3,3.1404,100.024,-0.094922
2025-10-14,2025-10-16,2026-01-15,91,91d,3.8105,CH1307181052,1528.35,207.85,508.35,3.0065,100.024,-0.095
2025-10-21,2025-10-23,2026-01-22,91,91d,3.8106,CH1307181060,2068.8,211.1,510.4,4.0533,100.03,-0.119
2025-10-28,2025-10-30,2026-01-29,91,91d,3.8107,CH1307181078,1784.45,314.6,654.45,2.7266,100.029,-0.114692
2025-11-04,2025-11-06,2026-05-07,182,182d,6.8108,CH1307181086,1566.75,3.75,466.75,3.3567,100.034,-0.06723
2025-11-11,2025-11-13,2026-02-12,91,91d,3.8109,CH1307181094,2674.15,103.15,584.15,4.5778,100.026,-0.10283
2025-11-19,2025-11-20,2026-02-19,91,91d,3.811,CH1307181102,2608.85,113.85,567.85,4.5943,100.03,-0.118646
2025-11-25,2025-11-27,2026-02-26,91,91d,3.8111,CH1307181110,1333.25,109.25,333.25,4.0008,100.015,-0.059
2025-12-02,2025-12-04,2026-03-05,91,91d,3.8112,CH1307181128,2285.85,72.85,522.85,4.3719,100.025,-0.098876
2025-12-09,2025-12-11,2026-03-12,91,91d,3.8113,CH1307181136,2023.05,194.05,503.05,4.0216,100.013,-0.051422
2025-12-16,2025-12-18,2026-03-19,91,91d,3.8114,CH1307181144,4029.15,330.15,680.15,5.9239,100.039,-0.154226
2025-12-23,2025-12-29,2026-12-24,360,364d,A.8115,CH1307181151,2079.85,29.85,704.85,2.9508,100.032,-0.03199
2025-12-30,2026-01-05,2026-04-02,87,91d,,CH1307181169,2487.5,167.5,737.5,3.3729,100.01,-0.041375
2026-01-06,2026-01-08,2026-04-09,91,91d,,CH1307181177,2648.65,57.35,948.65,2.792,100.015,-0.059332
2026-01-13,2026-01-15,2026-04-16,91,91d,,CH1307181185,1764.75,14.25,764.75,2.3076,100.011,-0.043512
2026-01-20,2026-01-22,2026-04-23,91,91d,,CH1307181193,2237.25,12.25,987.25,2.2661,100.011,-0.044
2026-01-27,2026-01-29,2026-04-30,91,91d,,CH1307181201,3019.9,50.9,1002.9,3.0112,100.012,-0.047467
2026-02-03,2026-02-05,2026-08-06,182,182d,,CH1307181219,3567.95,59.6,892.95,3.9957,100.031,-0.0613
2026-02-10,2026-02-12,2026-05-15,92,91d,,CH1307181227,3098.75,17.45,848.75,3.651,100.015,-0.058687
2026-02-17,2026-02-19,2026-05-21,91,91d,,CH1307181235,3593.85,18.85,788.85,4.5558,100.017,-0.067
2026-02-24,2026-02-26,2026-05-28,91,91d,,CH1307181243,3829.25,161.75,729.25,5.2509,100.019,-0.075
2026-03-03,2026-03-05,2026-06-04,91,91d,,CH1307181250,3098.25,14.65,550.0,5.6332,100.016,-0.063287
2026-03-10,2026-03-12,2026-06-11,91,91d,,CH1307181268,3518.05,107.25,653.05,5.3871,100.019,-0.075
2026-03-17,2026-03-19,2026-06-18,91,91d,,CH1307181276,2633.9,75.75,433.65,6.0738,100.021,-0.083
2026-03-24,2026-03-26,2026-09-24,182,182d,,CH1307181284,2940.85,13.85,488.85,6.0159,100.01,-0.02
2026-03-31,2026-04-02,2026-07-02,91,91d,,CH1307181292,1588.7,22.5,563.7,2.8183,100.013,-0.051
2026-04-07,2026-04-09,2026-07-09,91,91d,,CH1307181300,2366.35,76.55,526.55,4.4941,100.013,-0.051
2026-04-14,2026-04-16,2026-07-16,91,91d,,CH1307181318,,,,,,
