date,opening_chf_mn,n_opening,closing_chf_mn,n_closing,net_chf_mn,bills_opening_chf_mn,bills_closing_chf_mn,bills_net_chf_mn,gmbf_opening_chf_mn,gmbf_closing_chf_mn,gmbf_net_chf_mn,bonds_opening_chf_mn,bonds_closing_chf_mn,bonds_net_chf_mn
2011-01-05,1354.6,2,0.0,0,1354.6,,,0.0,,,0.0,1354.6,,1354.6
2011-01-26,431.51,1,0.0,0,431.51,,,0.0,,,0.0,431.51,,431.51
2011-02-23,762.54,2,0.0,0,762.54,,,0.0,,,0.0,762.54,,762.54
2011-03-23,465.63,1,0.0,0,465.63,,,0.0,,,0.0,465.63,,465.63
2011-04-28,313.7,1,0.0,0,313.7,,,0.0,,,0.0,313.7,,313.7
2011-05-25,530.625,1,0.0,0,530.625,,,0.0,,,0.0,530.625,,530.625
2011-06-22,477.535,1,0.0,0,477.535,,,0.0,,,0.0,477.535,,477.535
2011-07-27,434.37,1,0.0,0,434.37,,,0.0,,,0.0,434.37,,434.37
2011-09-28,316.97,2,0.0,0,316.97,,,0.0,,,0.0,316.97,,316.97
2011-10-26,165.93,1,0.0,0,165.93,,,0.0,,,0.0,165.93,,165.93
2012-01-05,1603.492,4,0.0,0,1603.492,,,0.0,725.55,,725.55,877.942,,877.942
2012-01-12,512.75,1,0.0,0,512.75,,,0.0,512.75,,512.75,,,0.0
2012-01-19,561.7,1,0.0,0,561.7,,,0.0,561.7,,561.7,,,0.0
2012-01-25,150.0,1,0.0,0,150.0,,,0.0,,,0.0,150.0,,150.0
2012-01-26,1004.65,1,0.0,0,1004.65,,,0.0,1004.65,,1004.65,,,0.0
2012-02-02,1160.9,1,0.0,0,1160.9,,,0.0,1160.9,,1160.9,,,0.0
2012-02-09,1414.15,1,0.0,0,1414.15,,,0.0,1414.15,,1414.15,,,0.0
2012-02-16,1142.8,1,0.0,0,1142.8,,,0.0,1142.8,,1142.8,,,0.0
2012-02-22,1101.55,2,0.0,0,1101.55,,,0.0,,,0.0,1101.55,,1101.55
2012-02-23,2512.0,1,0.0,0,2512.0,,,0.0,2512.0,,2512.0,,,0.0
2012-03-01,803.05,1,0.0,0,803.05,,,0.0,803.05,,803.05,,,0.0
2012-03-08,837.1,1,0.0,0,837.1,,,0.0,837.1,,837.1,,,0.0
2012-03-15,953.95,1,0.0,0,953.95,,,0.0,953.95,,953.95,,,0.0
2012-03-21,0.0,0,1047.7,1,-1047.7,,,0.0,,1047.7,-1047.7,,,0.0
2012-03-22,791.35,1,0.0,0,791.35,,,0.0,791.35,,791.35,,,0.0
2012-03-28,933.985,2,1000.8,1,-66.81499999999994,,,0.0,,1000.8,-1000.8,933.985,,933.985
2012-03-29,1135.9,1,0.0,0,1135.9,,,0.0,1135.9,,1135.9,,,0.0
2012-04-05,521.15,1,725.55,1,-204.39999999999998,,,0.0,521.15,725.55,-204.39999999999998,,,0.0
2012-04-12,710.2,1,0.0,0,710.2,,,0.0,710.2,,710.2,,,0.0
2012-04-19,699.55,1,561.7,1,137.8499999999999,,,0.0,699.55,561.7,137.8499999999999,,,0.0
2012-04-26,922.5,1,1004.65,1,-82.14999999999998,,,0.0,922.5,1004.65,-82.14999999999998,,,0.0
2012-04-30,1049.685,2,0.0,0,1049.685,,,0.0,,,0.0,1049.685,,1049.685
2012-05-03,788.35,1,1160.9,1,-372.55000000000007,,,0.0,788.35,1160.9,-372.55000000000007,,,0.0
2012-05-10,1043.9,1,1414.15,1,-370.25,,,0.0,1043.9,1414.15,-370.25,,,0.0
2012-05-18,1344.9,1,1142.8,1,202.10000000000014,,,0.0,1344.9,1142.8,202.10000000000014,,,0.0
2012-05-24,732.7,1,0.0,0,732.7,,,0.0,732.7,,732.7,,,0.0
2012-05-31,688.8,1,803.05,1,-114.25,,,0.0,688.8,803.05,-114.25,,,0.0
2012-06-07,755.6,1,837.1,1,-81.5,,,0.0,755.6,837.1,-81.5,,,0.0
2012-06-11,578.3199999999999,2,0.0,0,578.3199999999999,,,0.0,,,0.0,578.3199999999999,,578.3199999999999
2012-06-14,761.3,1,953.95,1,-192.6500000000001,,,0.0,761.3,953.95,-192.6500000000001,,,0.0
2012-06-21,804.0,1,791.35,1,12.649999999999977,,,0.0,804.0,791.35,12.649999999999977,,,0.0
2012-06-27,267.17,1,0.0,0,267.17,,,0.0,,,0.0,267.17,,267.17
2012-06-28,790.7,1,1135.9,1,-345.20000000000005,,,0.0,790.7,1135.9,-345.20000000000005,,,0.0
2012-07-05,595.0,1,521.15,1,73.85000000000002,,,0.0,595.0,521.15,73.85000000000002,,,0.0
2012-07-12,358.2,1,0.0,0,358.2,,,0.0,358.2,,358.2,,,0.0
2012-07-19,475.55,1,699.55,1,-223.99999999999994,,,0.0,475.55,699.55,-223.99999999999994,,,0.0
2012-07-25,575.934,2,0.0,0,575.934,,,0.0,,,0.0,575.934,,575.934
2012-07-26,688.45,1,922.5,1,-234.04999999999995,,,0.0,688.45,922.5,-234.04999999999995,,,0.0
2012-08-02,661.15,1,788.35,1,-127.20000000000005,,,0.0,661.15,788.35,-127.20000000000005,,,0.0
2012-08-09,699.9,1,1043.9,1,-344.0000000000001,,,0.0,699.9,1043.9,-344.0000000000001,,,0.0
2012-08-16,789.1,1,1344.9,1,-555.8000000000001,,,0.0,789.1,1344.9,-555.8000000000001,,,0.0
2012-08-23,760.9,1,2512.0,1,-1751.1,,,0.0,760.9,2512.0,-1751.1,,,0.0
2012-08-30,952.3,1,688.8,1,263.5,,,0.0,952.3,688.8,263.5,,,0.0
2012-09-06,784.0,1,755.6,1,28.399999999999977,,,0.0,784.0,755.6,28.399999999999977,,,0.0
2012-09-13,931.05,1,761.3,1,169.75,,,0.0,931.05,761.3,169.75,,,0.0
2012-09-20,765.25,1,804.0,1,-38.75,,,0.0,765.25,804.0,-38.75,,,0.0
2012-09-26,933.5,2,0.0,0,933.5,,,0.0,,,0.0,933.5,,933.5
2012-09-27,747.75,1,790.7,1,-42.950000000000045,,,0.0,747.75,790.7,-42.950000000000045,,,0.0
2012-10-04,748.65,1,595.0,1,153.64999999999998,,,0.0,748.65,595.0,153.64999999999998,,,0.0
2012-10-11,817.9,1,710.2,1,107.69999999999993,,,0.0,817.9,710.2,107.69999999999993,,,0.0
2012-10-18,790.9,1,475.55,1,315.34999999999997,,,0.0,790.9,475.55,315.34999999999997,,,0.0
2012-10-24,329.79,1,0.0,0,329.79,,,0.0,,,0.0,329.79,,329.79
2012-10-25,850.3,1,688.45,1,161.8499999999999,,,0.0,850.3,688.45,161.8499999999999,,,0.0
2012-11-01,790.95,1,661.15,1,129.80000000000007,,,0.0,790.95,661.15,129.80000000000007,,,0.0
2012-11-08,802.6,1,699.9,1,102.70000000000005,,,0.0,802.6,699.9,102.70000000000005,,,0.0
2012-11-15,694.5,1,789.1,1,-94.60000000000002,,,0.0,694.5,789.1,-94.60000000000002,,,0.0
2012-11-22,881.0,1,732.7,1,148.29999999999995,,,0.0,881.0,732.7,148.29999999999995,,,0.0
2012-11-29,974.55,1,952.3,1,22.25,,,0.0,974.55,952.3,22.25,,,0.0
2012-12-06,1174.65,1,784.0,1,390.6500000000001,,,0.0,1174.65,784.0,390.6500000000001,,,0.0
2012-12-13,799.55,1,931.05,1,-131.5,,,0.0,799.55,931.05,-131.5,,,0.0
2012-12-20,1047.7,1,765.25,1,282.45000000000005,,,0.0,1047.7,765.25,282.45000000000005,,,0.0
2012-12-27,1000.8,1,747.75,1,253.04999999999995,,,0.0,1000.8,747.75,253.04999999999995,,,0.0
2013-01-03,1037.45,1,748.65,1,288.80000000000007,,,0.0,1037.45,748.65,288.80000000000007,,,0.0
2013-01-07,1135.35,2,0.0,0,1135.35,,,0.0,,,0.0,1135.35,,1135.35
2013-01-10,1188.1,1,512.75,1,675.3499999999999,,,0.0,1188.1,512.75,675.3499999999999,,,0.0
2013-01-17,997.65,1,790.9,1,206.75,,,0.0,997.65,790.9,206.75,,,0.0
2013-01-23,653.1,2,0.0,0,653.1,,,0.0,,,0.0,653.1,,653.1
2013-01-24,978.95,1,850.3,1,128.6500000000001,,,0.0,978.95,850.3,128.6500000000001,,,0.0
2013-01-31,771.2,1,790.95,1,-19.75,,,0.0,771.2,790.95,-19.75,,,0.0
2013-02-07,938.8,1,802.6,1,136.19999999999993,,,0.0,938.8,802.6,136.19999999999993,,,0.0
2013-02-14,1239.0,1,694.5,1,544.5,,,0.0,1239.0,694.5,544.5,,,0.0
2013-02-21,813.75,1,760.9,1,52.85000000000002,,,0.0,813.75,760.9,52.85000000000002,,,0.0
2013-02-27,472.05,2,0.0,0,472.05,,,0.0,,,0.0,472.05,,472.05
2013-02-28,1159.15,1,974.55,1,184.60000000000014,,,0.0,1159.15,974.55,184.60000000000014,,,0.0
2013-03-07,854.7,1,1174.65,1,-319.95000000000005,,,0.0,854.7,1174.65,-319.95000000000005,,,0.0
2013-03-14,799.5,1,799.55,1,-0.049999999999954525,,,0.0,799.5,799.55,-0.049999999999954525,,,0.0
2013-03-21,906.2,1,0.0,0,906.2,,,0.0,906.2,,906.2,,,0.0
2013-03-27,430.90500000000003,2,505.15,1,-74.24499999999995,,,0.0,,505.15,-505.15,430.90500000000003,,430.90500000000003
2013-03-28,1003.5,1,0.0,0,1003.5,,,0.0,1003.5,,1003.5,,,0.0
2013-04-04,946.2,1,1037.45,1,-91.25,,,0.0,946.2,1037.45,-91.25,,,0.0
2013-04-11,972.05,1,817.9,1,154.14999999999998,,,0.0,972.05,817.9,154.14999999999998,,,0.0
2013-04-18,800.7,1,997.65,1,-196.94999999999993,,,0.0,800.7,997.65,-196.94999999999993,,,0.0
2013-04-25,753.95,1,978.95,1,-225.0,,,0.0,753.95,978.95,-225.0,,,0.0
2013-04-29,693.875,2,0.0,0,693.875,,,0.0,,,0.0,693.875,,693.875
2013-05-02,684.2,1,771.2,1,-87.0,,,0.0,684.2,771.2,-87.0,,,0.0
2013-05-10,854.3,1,938.8,1,-84.5,,,0.0,854.3,938.8,-84.5,,,0.0
2013-05-16,869.5,1,1239.0,1,-369.5,,,0.0,869.5,1239.0,-369.5,,,0.0
2013-05-23,924.05,1,881.0,1,43.049999999999955,,,0.0,924.05,881.0,43.049999999999955,,,0.0
2013-05-30,506.9,1,1159.15,1,-652.2500000000001,,,0.0,506.9,1159.15,-652.2500000000001,,,0.0
2013-06-06,756.85,1,854.7,1,-97.85000000000002,,,0.0,756.85,854.7,-97.85000000000002,,,0.0
2013-06-11,442.17,1,0.0,0,442.17,,,0.0,,,0.0,442.17,,442.17
2013-06-13,847.2,1,799.5,1,47.700000000000045,,,0.0,847.2,799.5,47.700000000000045,,,0.0
2013-06-20,901.8,1,906.2,1,-4.400000000000091,,,0.0,901.8,906.2,-4.400000000000091,,,0.0
2013-06-26,194.045,1,0.0,0,194.045,,,0.0,,,0.0,194.045,,194.045
2013-06-27,711.9,1,1003.5,1,-291.6,,,0.0,711.9,1003.5,-291.6,,,0.0
2013-07-04,540.05,1,946.2,1,-406.1500000000001,,,0.0,540.05,946.2,-406.1500000000001,,,0.0
2013-07-11,1054.5,1,358.2,1,696.3,,,0.0,1054.5,358.2,696.3,,,0.0
2013-07-18,538.2,1,800.7,1,-262.5,,,0.0,538.2,800.7,-262.5,,,0.0
2013-07-24,539.93,1,0.0,0,539.93,,,0.0,,,0.0,539.93,,539.93
2013-07-25,758.8,1,753.95,1,4.849999999999909,,,0.0,758.8,753.95,4.849999999999909,,,0.0
2013-08-02,818.9,1,684.2,1,134.69999999999993,,,0.0,818.9,684.2,134.69999999999993,,,0.0
2013-08-08,810.15,1,854.3,1,-44.14999999999998,,,0.0,810.15,854.3,-44.14999999999998,,,0.0
2013-08-15,689.4,1,869.5,1,-180.10000000000002,,,0.0,689.4,869.5,-180.10000000000002,,,0.0
2013-08-22,697.15,1,813.75,1,-116.60000000000002,,,0.0,697.15,813.75,-116.60000000000002,,,0.0
2013-08-29,681.15,1,506.9,1,174.25,,,0.0,681.15,506.9,174.25,,,0.0
2013-09-05,768.65,1,756.85,1,11.799999999999955,,,0.0,768.65,756.85,11.799999999999955,,,0.0
2013-09-12,622.1,1,847.2,1,-225.10000000000002,,,0.0,622.1,847.2,-225.10000000000002,,,0.0
2013-09-19,828.4,1,901.8,1,-73.39999999999998,,,0.0,828.4,901.8,-73.39999999999998,,,0.0
2013-09-25,784.51,2,0.0,0,784.51,,,0.0,,,0.0,784.51,,784.51
2013-09-26,582.4,1,711.9,1,-129.5,,,0.0,582.4,711.9,-129.5,,,0.0
2013-10-03,594.4,1,540.05,1,54.35000000000002,,,0.0,594.4,540.05,54.35000000000002,,,0.0
2013-10-10,631.45,1,972.05,1,-340.5999999999999,,,0.0,631.45,972.05,-340.5999999999999,,,0.0
2013-10-17,713.1,1,538.2,1,174.89999999999998,,,0.0,713.1,538.2,174.89999999999998,,,0.0
2013-10-23,689.85,2,0.0,0,689.85,,,0.0,,,0.0,689.85,,689.85
2013-10-24,772.6,1,758.8,1,13.800000000000068,,,0.0,772.6,758.8,13.800000000000068,,,0.0
2013-10-31,999.75,1,818.9,1,180.85000000000002,,,0.0,999.75,818.9,180.85000000000002,,,0.0
2013-11-07,631.7,1,810.15,1,-178.44999999999993,,,0.0,631.7,810.15,-178.44999999999993,,,0.0
2013-11-14,1064.1,1,689.4,1,374.69999999999993,,,0.0,1064.1,689.4,374.69999999999993,,,0.0
2013-11-21,783.2,1,924.05,1,-140.8499999999999,,,0.0,783.2,924.05,-140.8499999999999,,,0.0
2013-11-28,573.55,1,681.15,1,-107.60000000000002,,,0.0,573.55,681.15,-107.60000000000002,,,0.0
2013-12-05,744.45,1,768.65,1,-24.199999999999932,,,0.0,744.45,768.65,-24.199999999999932,,,0.0
2013-12-12,877.4,1,622.1,1,255.29999999999995,,,0.0,877.4,622.1,255.29999999999995,,,0.0
2013-12-19,545.9,1,828.4,1,-282.5,,,0.0,545.9,828.4,-282.5,,,0.0
2013-12-27,505.15,1,582.4,1,-77.25,,,0.0,505.15,582.4,-77.25,,,0.0
2014-01-03,704.55,1,594.4,1,110.14999999999998,,,0.0,704.55,594.4,110.14999999999998,,,0.0
2014-01-06,782.6800000000001,4,0.0,0,782.6800000000001,,,0.0,,,0.0,782.6800000000001,,782.6800000000001
2014-01-09,899.3,1,1188.1,1,-288.79999999999995,,,0.0,899.3,1188.1,-288.79999999999995,,,0.0
2014-01-16,655.5,1,713.1,1,-57.60000000000002,,,0.0,655.5,713.1,-57.60000000000002,,,0.0
2014-01-22,666.43,2,0.0,0,666.43,,,0.0,,,0.0,666.43,,666.43
2014-01-23,907.2,1,772.6,1,134.60000000000002,,,0.0,907.2,772.6,134.60000000000002,,,0.0
2014-01-29,0.0,0,855.2,1,-855.2,,,0.0,,855.2,-855.2,,,0.0
2014-01-30,682.15,1,999.75,1,-317.6,,,0.0,682.15,999.75,-317.6,,,0.0
2014-02-06,787.9,1,631.7,1,156.19999999999993,,,0.0,787.9,631.7,156.19999999999993,,,0.0
2014-02-13,814.8,1,1064.1,1,-249.29999999999995,,,0.0,814.8,1064.1,-249.29999999999995,,,0.0
2014-02-20,847.0,1,697.15,1,149.85000000000002,,,0.0,847.0,697.15,149.85000000000002,,,0.0
2014-02-26,517.66,3,0.0,0,517.66,,,0.0,,,0.0,517.66,,517.66
2014-02-27,568.1,1,573.55,1,-5.449999999999932,,,0.0,568.1,573.55,-5.449999999999932,,,0.0
2014-03-06,844.45,1,744.45,1,100.0,,,0.0,844.45,744.45,100.0,,,0.0
2014-03-13,635.05,1,877.4,1,-242.35000000000002,,,0.0,635.05,877.4,-242.35000000000002,,,0.0
2014-03-20,588.85,1,545.9,1,42.950000000000045,,,0.0,588.85,545.9,42.950000000000045,,,0.0
2014-03-26,569.23,2,0.0,0,569.23,,,0.0,,,0.0,569.23,,569.23
2014-03-27,442.85,1,0.0,0,442.85,,,0.0,442.85,,442.85,,,0.0
2014-04-03,402.25,1,704.55,1,-302.29999999999995,,,0.0,402.25,704.55,-302.29999999999995,,,0.0
2014-04-10,777.9,1,631.45,1,146.44999999999993,,,0.0,777.9,631.45,146.44999999999993,,,0.0
2014-04-17,881.25,1,655.5,1,225.75,,,0.0,881.25,655.5,225.75,,,0.0
2014-04-23,584.2,2,0.0,0,584.2,,,0.0,,,0.0,584.2,,584.2
2014-04-24,872.55,1,907.2,1,-34.65000000000009,,,0.0,872.55,907.2,-34.65000000000009,,,0.0
2014-05-02,794.5,1,682.15,1,112.35000000000002,,,0.0,794.5,682.15,112.35000000000002,,,0.0
2014-05-08,728.7,1,787.9,1,-59.19999999999993,,,0.0,728.7,787.9,-59.19999999999993,,,0.0
2014-05-15,765.45,1,814.8,1,-49.34999999999991,,,0.0,765.45,814.8,-49.34999999999991,,,0.0
2014-05-22,639.55,1,783.2,1,-143.6500000000001,,,0.0,639.55,783.2,-143.6500000000001,,,0.0
2014-05-28,301.3,1,0.0,0,301.3,,,0.0,,,0.0,301.3,,301.3
2014-05-30,720.6,1,568.1,1,152.5,,,0.0,720.6,568.1,152.5,,,0.0
2014-06-05,849.15,1,844.45,1,4.699999999999932,,,0.0,849.15,844.45,4.699999999999932,,,0.0
2014-06-12,782.25,1,635.05,1,147.20000000000005,,,0.0,782.25,635.05,147.20000000000005,,,0.0
2014-06-19,479.2,1,588.85,1,-109.65000000000003,,,0.0,479.2,588.85,-109.65000000000003,,,0.0
2014-06-25,701.65,2,0.0,0,701.65,,,0.0,,,0.0,701.65,,701.65
2014-06-26,707.0,1,442.85,1,264.15,,,0.0,707.0,442.85,264.15,,,0.0
2014-07-03,391.0,1,402.25,1,-11.25,,,0.0,391.0,402.25,-11.25,,,0.0
2014-07-10,652.85,1,1054.5,1,-401.65,,,0.0,652.85,1054.5,-401.65,,,0.0
2014-07-17,548.9,1,881.25,1,-332.35,,,0.0,548.9,881.25,-332.35,,,0.0
2014-07-23,213.9,1,0.0,0,213.9,,,0.0,,,0.0,213.9,,213.9
2014-07-24,673.7,1,872.55,1,-198.8499999999999,,,0.0,673.7,872.55,-198.8499999999999,,,0.0
2014-07-27,0.0,0,429.0,1,-429.0,,,0.0,,429.0,-429.0,,,0.0
2014-07-31,678.7,1,794.5,1,-115.79999999999995,,,0.0,678.7,794.5,-115.79999999999995,,,0.0
2014-08-07,529.2,1,728.7,1,-199.5,,,0.0,529.2,728.7,-199.5,,,0.0
2014-08-14,604.7,1,765.45,1,-160.75,,,0.0,604.7,765.45,-160.75,,,0.0
2014-08-21,714.0,1,847.0,1,-133.0,,,0.0,714.0,847.0,-133.0,,,0.0
2014-08-28,671.1,1,720.6,1,-49.5,,,0.0,671.1,720.6,-49.5,,,0.0
2014-09-04,649.0,1,849.15,1,-200.14999999999998,,,0.0,649.0,849.15,-200.14999999999998,,,0.0
2014-09-11,788.5,1,782.25,1,6.25,,,0.0,788.5,782.25,6.25,,,0.0
2014-09-18,606.9,1,479.2,1,127.69999999999999,,,0.0,606.9,479.2,127.69999999999999,,,0.0
2014-09-24,409.0,2,0.0,0,409.0,,,0.0,,,0.0,409.0,,409.0
2014-09-25,771.3,1,707.0,1,64.29999999999995,,,0.0,771.3,707.0,64.29999999999995,,,0.0
2014-10-02,629.05,1,391.0,1,238.04999999999995,,,0.0,629.05,391.0,238.04999999999995,,,0.0
2014-10-09,662.5,1,777.9,1,-115.39999999999998,,,0.0,662.5,777.9,-115.39999999999998,,,0.0
2014-10-16,808.25,1,548.9,1,259.35,,,0.0,808.25,548.9,259.35,,,0.0
2014-10-23,764.45,1,673.7,1,90.75,,,0.0,764.45,673.7,90.75,,,0.0
2014-10-30,855.2,1,678.7,1,176.5,,,0.0,855.2,678.7,176.5,,,0.0
2014-11-06,663.55,1,529.2,1,134.3499999999999,,,0.0,663.55,529.2,134.3499999999999,,,0.0
2014-11-10,693.8,2,0.0,0,693.8,,,0.0,,,0.0,693.8,,693.8
2014-11-13,607.0,1,604.7,1,2.2999999999999545,,,0.0,607.0,604.7,2.2999999999999545,,,0.0
2014-11-20,627.45,1,639.55,1,-12.099999999999909,,,0.0,627.45,639.55,-12.099999999999909,,,0.0
2014-11-26,208.834,1,0.0,0,208.834,,,0.0,,,0.0,208.834,,208.834
2014-11-27,423.4,1,671.1,1,-247.70000000000005,,,0.0,423.4,671.1,-247.70000000000005,,,0.0
2014-12-04,484.15,1,649.0,1,-164.85000000000002,,,0.0,484.15,649.0,-164.85000000000002,,,0.0
2014-12-11,667.1,1,788.5,1,-121.39999999999998,,,0.0,667.1,788.5,-121.39999999999998,,,0.0
2014-12-18,488.0,1,606.9,1,-118.89999999999998,,,0.0,488.0,606.9,-118.89999999999998,,,0.0
2014-12-29,452.85,1,771.3,1,-318.44999999999993,,,0.0,452.85,771.3,-318.44999999999993,,,0.0
2015-01-05,464.85,3,629.05,1,-164.19999999999993,,,0.0,176.8,629.05,-452.24999999999994,288.05,,288.05
2015-01-08,900.15,1,899.3,1,0.8500000000000227,,,0.0,900.15,899.3,0.8500000000000227,,,0.0
2015-01-15,910.55,1,808.25,1,102.29999999999995,,,0.0,910.55,808.25,102.29999999999995,,,0.0
2015-01-22,938.4,1,764.45,1,173.94999999999993,,,0.0,938.4,764.45,173.94999999999993,,,0.0
2015-01-28,515.8,2,0.0,0,515.8,,,0.0,,,0.0,515.8,,515.8
2015-01-29,688.7,1,0.0,0,688.7,,,0.0,688.7,,688.7,,,0.0
2015-02-05,948.5,1,663.55,1,284.95000000000005,,,0.0,948.5,663.55,284.95000000000005,,,0.0
2015-02-12,662.75,1,607.0,1,55.75,,,0.0,662.75,607.0,55.75,,,0.0
2015-02-19,647.2,1,714.0,1,-66.79999999999995,,,0.0,647.2,714.0,-66.79999999999995,,,0.0
2015-02-25,310.625,2,0.0,0,310.625,,,0.0,,,0.0,310.625,,310.625
2015-02-26,526.65,1,423.4,1,103.25,,,0.0,526.65,423.4,103.25,,,0.0
2015-03-05,616.2,1,484.15,1,132.05000000000007,,,0.0,616.2,484.15,132.05000000000007,,,0.0
2015-03-12,767.85,1,667.1,1,100.75,,,0.0,767.85,667.1,100.75,,,0.0
2015-03-19,469.9,1,488.0,1,-18.100000000000023,,,0.0,469.9,488.0,-18.100000000000023,,,0.0
2015-03-25,355.075,2,0.0,0,355.075,,,0.0,,,0.0,355.075,,355.075
2015-03-26,611.0,1,452.85,1,158.14999999999998,,,0.0,611.0,452.85,158.14999999999998,,,0.0
2015-04-02,210.95,1,176.8,1,34.14999999999998,,,0.0,210.95,176.8,34.14999999999998,,,0.0
2015-04-09,470.9,1,662.5,1,-191.60000000000002,,,0.0,470.9,662.5,-191.60000000000002,,,0.0
2015-04-16,443.8,1,910.55,1,-466.74999999999994,,,0.0,443.8,910.55,-466.74999999999994,,,0.0
2015-04-22,377.375,2,0.0,0,377.375,,,0.0,,,0.0,377.375,,377.375
2015-04-23,672.5,1,938.4,1,-265.9,,,0.0,672.5,938.4,-265.9,,,0.0
2015-04-30,521.0,1,688.7,1,-167.70000000000005,,,0.0,521.0,688.7,-167.70000000000005,,,0.0
2015-05-07,514.0,1,948.5,1,-434.5,,,0.0,514.0,948.5,-434.5,,,0.0
2015-05-15,468.25,1,662.75,1,-194.5,,,0.0,468.25,662.75,-194.5,,,0.0
2015-05-21,653.4,1,627.45,1,25.949999999999932,,,0.0,653.4,627.45,25.949999999999932,,,0.0
2015-05-27,317.925,1,0.0,0,317.925,,,0.0,,,0.0,317.925,,317.925
2015-05-28,517.25,1,526.65,1,-9.399999999999977,,,0.0,517.25,526.65,-9.399999999999977,,,0.0
2015-06-04,224.3,1,616.2,1,-391.90000000000003,,,0.0,224.3,616.2,-391.90000000000003,,,0.0
2015-06-10,0.0,0,886.0,2,-886.0,,,0.0,,,0.0,,886.0,-886.0
2015-06-11,350.0,1,767.85,1,-417.85,,,0.0,350.0,767.85,-417.85,,,0.0
2015-06-18,459.4,1,469.9,1,-10.5,,,0.0,459.4,469.9,-10.5,,,0.0
2015-06-24,250.001,1,0.0,0,250.001,,,0.0,,,0.0,250.001,,250.001
2015-06-25,256.45,1,611.0,1,-354.55,,,0.0,256.45,611.0,-354.55,,,0.0
2015-07-02,334.0,1,210.95,1,123.05000000000001,,,0.0,334.0,210.95,123.05000000000001,,,0.0
2015-07-09,367.05,1,652.85,1,-285.8,,,0.0,367.05,652.85,-285.8,,,0.0
2015-07-16,201.15,1,443.8,1,-242.65,,,0.0,201.15,443.8,-242.65,,,0.0
2015-07-22,132.42,1,0.0,0,132.42,,,0.0,,,0.0,132.42,,132.42
2015-07-23,230.5,1,672.5,1,-442.0,,,0.0,230.5,672.5,-442.0,,,0.0
2015-07-30,336.6,1,521.0,1,-184.39999999999998,,,0.0,336.6,521.0,-184.39999999999998,,,0.0
2015-08-06,399.9,1,514.0,1,-114.10000000000002,,,0.0,399.9,514.0,-114.10000000000002,,,0.0
2015-08-13,373.0,1,468.25,1,-95.25,,,0.0,373.0,468.25,-95.25,,,0.0
2015-08-20,438.15,1,647.2,1,-209.05000000000007,,,0.0,438.15,647.2,-209.05000000000007,,,0.0
2015-08-27,291.95,1,517.25,1,-225.3,,,0.0,291.95,517.25,-225.3,,,0.0
2015-09-03,206.2,1,224.3,1,-18.100000000000023,,,0.0,206.2,224.3,-18.100000000000023,,,0.0
2015-09-10,341.1,1,350.0,1,-8.899999999999977,,,0.0,341.1,350.0,-8.899999999999977,,,0.0
2015-09-17,279.7,1,459.4,1,-179.7,,,0.0,279.7,459.4,-179.7,,,0.0
2015-09-23,66.1,1,0.0,0,66.1,,,0.0,,,0.0,66.1,,66.1
2015-09-24,325.0,1,256.45,1,68.55000000000001,,,0.0,325.0,256.45,68.55000000000001,,,0.0
2015-10-01,214.1,1,334.0,1,-119.9,,,0.0,214.1,334.0,-119.9,,,0.0
2015-10-08,501.7,1,470.9,1,30.80000000000001,,,0.0,501.7,470.9,30.80000000000001,,,0.0
2015-10-15,405.2,1,201.15,1,204.04999999999998,,,0.0,405.2,201.15,204.04999999999998,,,0.0
2015-10-22,383.1,1,230.5,1,152.60000000000002,,,0.0,383.1,230.5,152.60000000000002,,,0.0
2015-10-29,203.2,1,336.6,1,-133.40000000000003,,,0.0,203.2,336.6,-133.40000000000003,,,0.0
2015-11-05,330.5,1,399.9,1,-69.39999999999998,,,0.0,330.5,399.9,-69.39999999999998,,,0.0
2015-11-12,541.4,1,373.0,1,168.39999999999998,,,0.0,541.4,373.0,168.39999999999998,,,0.0
2015-11-19,594.35,1,653.4,1,-59.049999999999955,,,0.0,594.35,653.4,-59.049999999999955,,,0.0
2015-11-25,112.73,1,0.0,0,112.73,,,0.0,,,0.0,112.73,,112.73
2015-11-26,268.95,1,291.95,1,-23.0,,,0.0,268.95,291.95,-23.0,,,0.0
2015-12-03,497.0,1,206.2,1,290.8,,,0.0,497.0,206.2,290.8,,,0.0
2015-12-10,395.7,1,341.1,1,54.599999999999966,,,0.0,395.7,341.1,54.599999999999966,,,0.0
2015-12-17,327.9,1,279.7,1,48.19999999999999,,,0.0,327.9,279.7,48.19999999999999,,,0.0
2015-12-24,360.25,1,325.0,1,35.25,,,0.0,360.25,325.0,35.25,,,0.0
2015-12-31,428.3,1,214.1,1,214.20000000000002,,,0.0,428.3,214.1,214.20000000000002,,,0.0
2016-01-06,342.9,2,0.0,0,342.9,,,0.0,,,0.0,342.9,,342.9
2016-01-07,558.35,1,900.15,1,-341.79999999999995,,,0.0,558.35,900.15,-341.79999999999995,,,0.0
2016-01-14,550.9,1,405.2,1,145.7,,,0.0,550.9,405.2,145.7,,,0.0
2016-01-21,455.2,1,383.1,1,72.09999999999997,,,0.0,455.2,383.1,72.09999999999997,,,0.0
2016-01-27,386.827,2,0.0,0,386.827,,,0.0,,,0.0,386.827,,386.827
2016-01-28,564.4,1,203.2,1,361.2,,,0.0,564.4,203.2,361.2,,,0.0
2016-02-04,381.8,1,330.5,1,51.30000000000001,,,0.0,381.8,330.5,51.30000000000001,,,0.0
2016-02-11,552.4,1,541.4,1,11.0,,,0.0,552.4,541.4,11.0,,,0.0
2016-02-18,572.15,1,438.15,1,134.0,,,0.0,572.15,438.15,134.0,,,0.0
2016-02-24,337.82000000000005,2,0.0,0,337.82000000000005,,,0.0,,,0.0,337.82000000000005,,337.82000000000005
2016-02-25,620.35,1,268.95,1,351.40000000000003,,,0.0,620.35,268.95,351.40000000000003,,,0.0
2016-03-03,890.0,1,497.0,1,393.0,,,0.0,890.0,497.0,393.0,,,0.0
2016-03-10,478.3,1,395.7,1,82.60000000000002,,,0.0,478.3,395.7,82.60000000000002,,,0.0
2016-03-14,434.225,2,0.0,0,434.225,,,0.0,,,0.0,434.225,,434.225
2016-03-16,0.0,0,505.2,1,-505.2,,,0.0,,505.2,-505.2,,,0.0
2016-03-17,458.45,1,327.9,1,130.55,,,0.0,458.45,327.9,130.55,,,0.0
2016-03-24,580.0,1,360.25,1,219.75,,,0.0,580.0,360.25,219.75,,,0.0
2016-03-31,443.5,1,428.3,1,15.199999999999989,,,0.0,443.5,428.3,15.199999999999989,,,0.0
2016-04-07,479.95,1,501.7,1,-21.75,,,0.0,479.95,501.7,-21.75,,,0.0
2016-04-14,526.2,1,550.9,1,-24.699999999999932,,,0.0,526.2,550.9,-24.699999999999932,,,0.0
2016-04-21,537.8,1,455.2,1,82.59999999999997,,,0.0,537.8,455.2,82.59999999999997,,,0.0
2016-04-27,418.40000000000003,2,0.0,0,418.40000000000003,,,0.0,,,0.0,418.40000000000003,,418.40000000000003
2016-04-28,367.15,1,564.4,1,-197.25,,,0.0,367.15,564.4,-197.25,,,0.0
2016-05-06,366.9,1,381.8,1,-14.900000000000034,,,0.0,366.9,381.8,-14.900000000000034,,,0.0
2016-05-12,400.0,1,552.4,1,-152.39999999999998,,,0.0,400.0,552.4,-152.39999999999998,,,0.0
2016-05-19,457.0,1,594.35,1,-137.35000000000002,,,0.0,457.0,594.35,-137.35000000000002,,,0.0
2016-05-26,386.35,1,620.35,1,-234.0,,,0.0,386.35,620.35,-234.0,,,0.0
2016-05-30,295.9,2,0.0,0,295.9,,,0.0,,,0.0,295.9,,295.9
2016-06-02,430.5,1,890.0,1,-459.5,,,0.0,430.5,890.0,-459.5,,,0.0
2016-06-09,396.7,1,478.3,1,-81.60000000000002,,,0.0,396.7,478.3,-81.60000000000002,,,0.0
2016-06-16,372.2,1,458.45,1,-86.25,,,0.0,372.2,458.45,-86.25,,,0.0
2016-06-22,308.17,1,0.0,0,308.17,,,0.0,,,0.0,308.17,,308.17
2016-06-23,327.85,1,580.0,1,-252.14999999999998,,,0.0,327.85,580.0,-252.14999999999998,,,0.0
2016-06-30,466.0,1,443.5,1,22.5,,,0.0,466.0,443.5,22.5,,,0.0
2016-07-07,565.1,1,367.05,1,198.05,,,0.0,565.1,367.05,198.05,,,0.0
2016-07-14,419.6,1,526.2,1,-106.60000000000002,,,0.0,419.6,526.2,-106.60000000000002,,,0.0
2016-07-21,367.75,1,537.8,1,-170.04999999999995,,,0.0,367.75,537.8,-170.04999999999995,,,0.0
2016-07-27,131.45,1,0.0,0,131.45,,,0.0,,,0.0,131.45,,131.45
2016-07-28,359.4,1,367.15,1,-7.75,,,0.0,359.4,367.15,-7.75,,,0.0
2016-08-04,377.0,1,366.9,1,10.100000000000023,,,0.0,377.0,366.9,10.100000000000023,,,0.0
2016-08-11,437.3,1,400.0,1,37.30000000000001,,,0.0,437.3,400.0,37.30000000000001,,,0.0
2016-08-18,392.55,1,572.15,1,-179.59999999999997,,,0.0,392.55,572.15,-179.59999999999997,,,0.0
2016-08-25,439.75,1,386.35,1,53.39999999999998,,,0.0,439.75,386.35,53.39999999999998,,,0.0
2016-09-01,440.15,1,430.5,1,9.649999999999977,,,0.0,440.15,430.5,9.649999999999977,,,0.0
2016-09-08,375.7,1,396.7,1,-21.0,,,0.0,375.7,396.7,-21.0,,,0.0
2016-09-15,410.2,1,372.2,1,38.0,,,0.0,410.2,372.2,38.0,,,0.0
2016-09-22,358.4,1,327.85,1,30.549999999999955,,,0.0,358.4,327.85,30.549999999999955,,,0.0
2016-09-28,198.65,1,0.0,0,198.65,,,0.0,,,0.0,198.65,,198.65
2016-09-29,394.85,1,466.0,1,-71.14999999999998,,,0.0,394.85,466.0,-71.14999999999998,,,0.0
2016-10-06,472.15,1,479.95,1,-7.800000000000011,,,0.0,472.15,479.95,-7.800000000000011,,,0.0
2016-10-13,377.2,1,419.6,1,-42.400000000000034,,,0.0,377.2,419.6,-42.400000000000034,,,0.0
2016-10-20,400.0,1,367.75,1,32.25,,,0.0,400.0,367.75,32.25,,,0.0
2016-10-26,137.9,1,0.0,0,137.9,,,0.0,,,0.0,137.9,,137.9
2016-10-27,403.1,1,359.4,1,43.700000000000045,,,0.0,403.1,359.4,43.700000000000045,,,0.0
2016-11-03,367.2,1,377.0,1,-9.800000000000011,,,0.0,367.2,377.0,-9.800000000000011,,,0.0
2016-11-10,434.3,1,437.3,1,-3.0,,,0.0,434.3,437.3,-3.0,,,0.0
2016-11-17,444.0,1,457.0,1,-13.0,,,0.0,444.0,457.0,-13.0,,,0.0
2016-11-23,236.3,1,0.0,0,236.3,,,0.0,,,0.0,236.3,,236.3
2016-11-24,423.85,1,0.0,0,423.85,,,0.0,423.85,,423.85,,,0.0
2016-12-01,368.15,1,440.15,1,-72.0,,,0.0,368.15,440.15,-72.0,,,0.0
2016-12-08,418.8,1,375.7,1,43.10000000000002,,,0.0,418.8,375.7,43.10000000000002,,,0.0
2016-12-15,505.2,1,410.2,1,95.0,,,0.0,505.2,410.2,95.0,,,0.0
2016-12-22,433.8,1,358.4,1,75.40000000000003,,,0.0,433.8,358.4,75.40000000000003,,,0.0
2016-12-29,385.35,1,394.85,1,-9.5,,,0.0,385.35,394.85,-9.5,,,0.0
2017-01-05,446.7,1,558.35,1,-111.65000000000003,,,0.0,446.7,558.35,-111.65000000000003,,,0.0
2017-01-06,677.1,2,0.0,0,677.1,,,0.0,,,0.0,677.1,,677.1
2017-01-12,464.6,1,377.2,1,87.40000000000003,,,0.0,464.6,377.2,87.40000000000003,,,0.0
2017-01-19,549.5,1,400.0,1,149.5,,,0.0,549.5,400.0,149.5,,,0.0
2017-01-25,104.7,1,0.0,0,104.7,,,0.0,,,0.0,104.7,,104.7
2017-01-26,456.7,1,403.1,1,53.599999999999966,,,0.0,456.7,403.1,53.599999999999966,,,0.0
2017-02-02,539.5,1,367.2,1,172.3,,,0.0,539.5,367.2,172.3,,,0.0
2017-02-09,605.8,1,434.3,1,171.49999999999994,,,0.0,605.8,434.3,171.49999999999994,,,0.0
2017-02-16,616.35,1,832.3,2,-215.94999999999993,,,0.0,616.35,832.3,-215.94999999999993,,,0.0
2017-02-22,334.505,2,0.0,0,334.505,,,0.0,,,0.0,334.505,,334.505
2017-02-23,496.05,1,423.85,1,72.19999999999999,,,0.0,496.05,423.85,72.19999999999999,,,0.0
2017-03-02,602.15,1,368.15,1,234.0,,,0.0,602.15,368.15,234.0,,,0.0
2017-03-09,633.4,1,418.8,1,214.59999999999997,,,0.0,633.4,418.8,214.59999999999997,,,0.0
2017-03-16,516.2,1,0.0,0,516.2,,,0.0,516.2,,516.2,,,0.0
2017-03-22,297.46000000000004,2,0.0,0,297.46000000000004,,,0.0,,,0.0,297.46000000000004,,297.46000000000004
2017-03-23,473.0,1,433.8,1,39.19999999999999,,,0.0,473.0,433.8,39.19999999999999,,,0.0
2017-03-30,435.5,1,385.35,1,50.14999999999998,,,0.0,435.5,385.35,50.14999999999998,,,0.0
2017-04-06,487.0,1,472.15,1,14.850000000000023,,,0.0,487.0,472.15,14.850000000000023,,,0.0
2017-04-13,488.6,1,464.6,1,24.0,,,0.0,488.6,464.6,24.0,,,0.0
2017-04-20,477.0,1,549.5,1,-72.5,,,0.0,477.0,549.5,-72.5,,,0.0
2017-04-26,250.39999999999998,2,0.0,0,250.39999999999998,,,0.0,,,0.0,250.39999999999998,,250.39999999999998
2017-04-27,429.0,1,456.7,1,-27.69999999999999,,,0.0,429.0,456.7,-27.69999999999999,,,0.0
2017-05-04,492.2,1,539.5,1,-47.30000000000001,,,0.0,492.2,539.5,-47.30000000000001,,,0.0
2017-05-11,490.75,1,605.8,1,-115.04999999999995,,,0.0,490.75,605.8,-115.04999999999995,,,0.0
2017-05-18,447.85,1,444.0,1,3.8500000000000227,,,0.0,447.85,444.0,3.8500000000000227,,,0.0
2017-05-24,359.07000000000005,2,0.0,0,359.07000000000005,,,0.0,,,0.0,359.07000000000005,,359.07000000000005
2017-05-26,443.9,1,496.05,1,-52.150000000000034,,,0.0,443.9,496.05,-52.150000000000034,,,0.0
2017-06-01,445.7,1,602.15,1,-156.45,,,0.0,445.7,602.15,-156.45,,,0.0
2017-06-08,546.05,1,633.4,1,-87.35000000000002,,,0.0,546.05,633.4,-87.35000000000002,,,0.0
2017-06-15,601.1,1,516.2,1,84.89999999999998,,,0.0,601.1,516.2,84.89999999999998,,,0.0
2017-06-22,507.2,1,473.0,1,34.19999999999999,,,0.0,507.2,473.0,34.19999999999999,,,0.0
2017-06-28,443.6,2,0.0,0,443.6,,,0.0,,,0.0,443.6,,443.6
2017-06-29,472.5,1,908.0,2,-435.5,,,0.0,472.5,908.0,-435.5,,,0.0
2017-07-06,546.0,1,565.1,1,-19.100000000000023,,,0.0,546.0,565.1,-19.100000000000023,,,0.0
2017-07-13,451.0,1,488.6,1,-37.60000000000002,,,0.0,451.0,488.6,-37.60000000000002,,,0.0
2017-07-20,390.5,1,477.0,1,-86.5,,,0.0,390.5,477.0,-86.5,,,0.0
2017-07-26,467.15000000000003,2,0.0,0,467.15000000000003,,,0.0,,,0.0,467.15000000000003,,467.15000000000003
2017-07-27,413.0,1,0.0,0,413.0,,,0.0,413.0,,413.0,,,0.0
2017-08-03,507.0,1,492.2,1,14.800000000000011,,,0.0,507.0,492.2,14.800000000000011,,,0.0
2017-08-10,400.0,1,490.75,1,-90.75,,,0.0,400.0,490.75,-90.75,,,0.0
2017-08-17,483.85,1,616.35,1,-132.5,,,0.0,483.85,616.35,-132.5,,,0.0
2017-08-24,414.8,1,443.9,1,-29.099999999999966,,,0.0,414.8,443.9,-29.099999999999966,,,0.0
2017-08-31,490.2,1,445.7,1,44.5,,,0.0,490.2,445.7,44.5,,,0.0
2017-09-07,426.15,1,546.05,1,-119.89999999999998,,,0.0,426.15,546.05,-119.89999999999998,,,0.0
2017-09-14,450.2,1,601.1,1,-150.90000000000003,,,0.0,450.2,601.1,-150.90000000000003,,,0.0
2017-09-21,471.4,1,507.2,1,-35.80000000000001,,,0.0,471.4,507.2,-35.80000000000001,,,0.0
2017-09-27,397.45,2,0.0,0,397.45,,,0.0,,,0.0,397.45,,397.45
2017-09-28,441.0,1,0.0,0,441.0,,,0.0,441.0,,441.0,,,0.0
2017-10-05,480.4,1,487.0,1,-6.600000000000023,,,0.0,480.4,487.0,-6.600000000000023,,,0.0
2017-10-12,451.5,1,451.0,1,0.5,,,0.0,451.5,451.0,0.5,,,0.0
2017-10-19,479.0,1,390.5,1,88.5,,,0.0,479.0,390.5,88.5,,,0.0
2017-10-25,294.4,2,0.0,0,294.4,,,0.0,,,0.0,294.4,,294.4
2017-10-26,444.0,1,413.0,1,31.0,,,0.0,444.0,413.0,31.0,,,0.0
2017-11-02,425.95,1,507.0,1,-81.05000000000001,,,0.0,425.95,507.0,-81.05000000000001,,,0.0
2017-11-09,428.2,1,400.0,1,28.19999999999999,,,0.0,428.2,400.0,28.19999999999999,,,0.0
2017-11-16,422.1,1,447.85,1,-25.75,,,0.0,422.1,447.85,-25.75,,,0.0
2017-11-22,228.495,2,0.0,0,228.495,,,0.0,,,0.0,228.495,,228.495
2017-11-23,403.0,1,414.8,1,-11.800000000000011,,,0.0,403.0,414.8,-11.800000000000011,,,0.0
2017-11-30,466.65,1,490.2,1,-23.55000000000001,,,0.0,466.65,490.2,-23.55000000000001,,,0.0
2017-12-07,474.95,1,426.15,1,48.80000000000001,,,0.0,474.95,426.15,48.80000000000001,,,0.0
2017-12-14,559.2,1,450.2,1,109.00000000000006,,,0.0,559.2,450.2,109.00000000000006,,,0.0
2017-12-21,495.9,1,471.4,1,24.5,,,0.0,495.9,471.4,24.5,,,0.0
2017-12-28,145.0,1,441.0,1,-296.0,,,0.0,145.0,441.0,-296.0,,,0.0
2018-01-04,584.35,1,446.7,1,137.65000000000003,,,0.0,584.35,446.7,137.65000000000003,,,0.0
2018-01-08,327.8,2,0.0,0,327.8,,,0.0,,,0.0,327.8,,327.8
2018-01-11,483.6,1,451.5,1,32.10000000000002,,,0.0,483.6,451.5,32.10000000000002,,,0.0
2018-01-18,483.3,1,479.0,1,4.300000000000011,,,0.0,483.3,479.0,4.300000000000011,,,0.0
2018-01-24,295.5,2,0.0,0,295.5,,,0.0,,,0.0,295.5,,295.5
2018-01-25,493.0,1,444.0,1,49.0,,,0.0,493.0,444.0,49.0,,,0.0
2018-02-01,376.05,1,425.95,1,-49.89999999999998,,,0.0,376.05,425.95,-49.89999999999998,,,0.0
2018-02-08,481.0,1,428.2,1,52.80000000000001,,,0.0,481.0,428.2,52.80000000000001,,,0.0
2018-02-15,523.5,1,483.85,1,39.64999999999998,,,0.0,523.5,483.85,39.64999999999998,,,0.0
2018-02-22,406.8,1,403.0,1,3.8000000000000114,,,0.0,406.8,403.0,3.8000000000000114,,,0.0
2018-03-01,1027.15,3,466.65,1,560.5000000000001,,,0.0,565.45,466.65,98.80000000000007,461.70000000000005,,461.70000000000005
2018-03-08,398.95,1,474.95,1,-76.0,,,0.0,398.95,474.95,-76.0,,,0.0
2018-03-15,399.8,1,559.2,1,-159.40000000000003,,,0.0,399.8,559.2,-159.40000000000003,,,0.0
2018-03-22,444.7,1,495.9,1,-51.19999999999999,,,0.0,444.7,495.9,-51.19999999999999,,,0.0
2018-03-28,168.05,2,0.0,0,168.05,,,0.0,,,0.0,168.05,,168.05
2018-03-29,197.0,1,145.0,1,52.0,,,0.0,197.0,145.0,52.0,,,0.0
2018-04-05,137.85,1,480.4,1,-342.54999999999995,,,0.0,137.85,480.4,-342.54999999999995,,,0.0
2018-04-12,315.3,1,483.6,1,-168.3,,,0.0,315.3,483.6,-168.3,,,0.0
2018-04-19,393.25,1,483.3,1,-90.05000000000001,,,0.0,393.25,483.3,-90.05000000000001,,,0.0
2018-04-25,134.35,1,0.0,0,134.35,,,0.0,,,0.0,134.35,,134.35
2018-04-26,315.0,1,493.0,1,-178.0,,,0.0,315.0,493.0,-178.0,,,0.0
2018-05-03,338.0,1,376.05,1,-38.05000000000001,,,0.0,338.0,376.05,-38.05000000000001,,,0.0
2018-05-11,513.65,1,481.0,1,32.64999999999998,,,0.0,513.65,481.0,32.64999999999998,,,0.0
2018-05-17,378.7,1,422.1,1,-43.400000000000034,,,0.0,378.7,422.1,-43.400000000000034,,,0.0
2018-05-24,396.25,2,406.8,1,-10.550000000000011,,,0.0,304.3,406.8,-102.5,91.95,,91.95
2018-05-31,374.8,1,565.45,1,-190.65000000000003,,,0.0,374.8,565.45,-190.65000000000003,,,0.0
2018-06-07,365.65,1,398.95,1,-33.30000000000001,,,0.0,365.65,398.95,-33.30000000000001,,,0.0
2018-06-14,152.2,1,399.8,1,-247.60000000000002,,,0.0,152.2,399.8,-247.60000000000002,,,0.0
2018-06-21,370.4,1,444.7,1,-74.30000000000001,,,0.0,370.4,444.7,-74.30000000000001,,,0.0
2018-06-27,206.2,1,0.0,0,206.2,,,0.0,,,0.0,206.2,,206.2
2018-06-28,355.0,1,197.0,1,158.0,,,0.0,355.0,197.0,158.0,,,0.0
2018-07-05,344.9,1,546.0,1,-201.10000000000002,,,0.0,344.9,546.0,-201.10000000000002,,,0.0
2018-07-12,292.6,1,315.3,1,-22.69999999999999,,,0.0,292.6,315.3,-22.69999999999999,,,0.0
2018-07-19,407.45,1,393.25,1,14.199999999999989,,,0.0,407.45,393.25,14.199999999999989,,,0.0
2018-07-25,84.45,1,0.0,0,84.45,,,0.0,,,0.0,84.45,,84.45
2018-07-26,231.8,1,315.0,1,-83.19999999999999,,,0.0,231.8,315.0,-83.19999999999999,,,0.0
2018-08-02,312.4,1,338.0,1,-25.600000000000023,,,0.0,312.4,338.0,-25.600000000000023,,,0.0
2018-08-09,340.6,1,513.65,1,-173.04999999999995,,,0.0,340.6,513.65,-173.04999999999995,,,0.0
2018-08-16,476.65,1,523.5,1,-46.85000000000002,,,0.0,476.65,523.5,-46.85000000000002,,,0.0
2018-08-23,320.2,1,304.3,1,15.899999999999977,,,0.0,320.2,304.3,15.899999999999977,,,0.0
2018-08-30,235.35,1,374.8,1,-139.45000000000002,,,0.0,235.35,374.8,-139.45000000000002,,,0.0
2018-09-06,387.35,1,365.65,1,21.700000000000045,,,0.0,387.35,365.65,21.700000000000045,,,0.0
2018-09-13,262.95,1,152.2,1,110.75,,,0.0,262.95,152.2,110.75,,,0.0
2018-09-20,323.15,1,370.4,1,-47.25,,,0.0,323.15,370.4,-47.25,,,0.0
2018-09-26,201.15,1,0.0,0,201.15,,,0.0,,,0.0,201.15,,201.15
2018-09-27,360.8,1,355.0,1,5.800000000000011,,,0.0,360.8,355.0,5.800000000000011,,,0.0
2018-10-04,283.85,1,137.85,1,146.00000000000003,,,0.0,283.85,137.85,146.00000000000003,,,0.0
2018-10-11,255.5,1,292.6,1,-37.10000000000002,,,0.0,255.5,292.6,-37.10000000000002,,,0.0
2018-10-18,549.85,1,407.45,1,142.40000000000003,,,0.0,549.85,407.45,142.40000000000003,,,0.0
2018-10-25,546.1,1,231.8,1,314.3,,,0.0,546.1,231.8,314.3,,,0.0
2018-11-01,427.2,1,312.4,1,114.80000000000001,,,0.0,427.2,312.4,114.80000000000001,,,0.0
2018-11-08,378.05,1,340.6,1,37.44999999999999,,,0.0,378.05,340.6,37.44999999999999,,,0.0
2018-11-15,382.05,1,378.7,1,3.3500000000000227,,,0.0,382.05,378.7,3.3500000000000227,,,0.0
2018-11-22,402.0,1,320.2,1,81.80000000000001,,,0.0,402.0,320.2,81.80000000000001,,,0.0
2018-11-28,111.2,1,0.0,0,111.2,,,0.0,,,0.0,111.2,,111.2
2018-11-29,297.1,1,235.35,1,61.75000000000003,,,0.0,297.1,235.35,61.75000000000003,,,0.0
2018-12-06,464.85,1,387.35,1,77.5,,,0.0,464.85,387.35,77.5,,,0.0
2018-12-13,396.35,1,262.95,1,133.40000000000003,,,0.0,396.35,262.95,133.40000000000003,,,0.0
2018-12-19,135.488,1,0.0,0,135.488,,,0.0,,,0.0,135.488,,135.488
2018-12-20,67.1,1,323.15,1,-256.04999999999995,,,0.0,67.1,323.15,-256.04999999999995,,,0.0
2018-12-27,107.5,1,360.8,1,-253.3,,,0.0,107.5,360.8,-253.3,,,0.0
2019-01-03,279.7,1,584.35,1,-304.65000000000003,,,0.0,279.7,584.35,-304.65000000000003,,,0.0
2019-01-10,149.45,1,255.5,1,-106.05000000000001,,,0.0,149.45,255.5,-106.05000000000001,,,0.0
2019-01-17,308.95,1,549.85,1,-240.90000000000003,,,0.0,308.95,549.85,-240.90000000000003,,,0.0
2019-01-23,271.225,2,0.0,0,271.225,,,0.0,,,0.0,271.225,,271.225
2019-01-24,74.05,1,546.1,1,-472.05,,,0.0,74.05,546.1,-472.05,,,0.0
2019-01-31,237.95,1,427.2,1,-189.25,,,0.0,237.95,427.2,-189.25,,,0.0
2019-02-07,597.9,1,378.05,1,219.84999999999997,,,0.0,597.9,378.05,219.84999999999997,,,0.0
2019-02-14,635.3,1,476.65,1,158.64999999999998,,,0.0,635.3,476.65,158.64999999999998,,,0.0
2019-02-21,532.0,1,402.0,1,130.0,,,0.0,532.0,402.0,130.0,,,0.0
2019-02-27,215.025,2,0.0,0,215.025,,,0.0,,,0.0,215.025,,215.025
2019-02-28,504.05,1,297.1,1,206.95,,,0.0,504.05,297.1,206.95,,,0.0
2019-03-07,466.25,1,464.85,1,1.3999999999999773,,,0.0,466.25,464.85,1.3999999999999773,,,0.0
2019-03-14,502.8,1,396.35,1,106.44999999999999,,,0.0,502.8,396.35,106.44999999999999,,,0.0
2019-03-21,436.95,1,0.0,0,436.95,,,0.0,436.95,,436.95,,,0.0
2019-03-27,239.875,2,0.0,0,239.875,,,0.0,,,0.0,239.875,,239.875
2019-03-28,408.5,1,107.5,1,301.0,,,0.0,408.5,107.5,301.0,,,0.0
2019-04-04,518.95,1,283.85,1,235.10000000000002,,,0.0,518.95,283.85,235.10000000000002,,,0.0
2019-04-11,587.75,1,149.45,1,438.3,,,0.0,587.75,149.45,438.3,,,0.0
2019-04-18,464.3,1,308.95,1,155.35000000000002,,,0.0,464.3,308.95,155.35000000000002,,,0.0
2019-04-24,244.2,2,0.0,0,244.2,,,0.0,,,0.0,244.2,,244.2
2019-04-25,400.4,1,74.05,1,326.34999999999997,,,0.0,400.4,74.05,326.34999999999997,,,0.0
2019-05-02,419.7,1,237.95,1,181.75,,,0.0,419.7,237.95,181.75,,,0.0
2019-05-09,414.0,1,597.9,1,-183.89999999999998,,,0.0,414.0,597.9,-183.89999999999998,,,0.0
2019-05-16,438.15,1,382.05,1,56.099999999999966,,,0.0,438.15,382.05,56.099999999999966,,,0.0
2019-05-22,177.79,2,0.0,0,177.79,,,0.0,,,0.0,177.79,,177.79
2019-05-23,360.65,1,532.0,1,-171.35000000000002,,,0.0,360.65,532.0,-171.35000000000002,,,0.0
2019-05-31,401.35,1,504.05,1,-102.69999999999999,,,0.0,401.35,504.05,-102.69999999999999,,,0.0
2019-06-06,418.8,1,466.25,1,-47.44999999999999,,,0.0,418.8,466.25,-47.44999999999999,,,0.0
2019-06-13,446.5,1,502.8,1,-56.30000000000001,,,0.0,446.5,502.8,-56.30000000000001,,,0.0
2019-06-20,408.95,1,436.95,1,-28.0,,,0.0,408.95,436.95,-28.0,,,0.0
2019-06-26,206.75,1,0.0,0,206.75,,,0.0,,,0.0,206.75,,206.75
2019-06-27,403.55,1,408.5,1,-4.949999999999989,,,0.0,403.55,408.5,-4.949999999999989,,,0.0
2019-07-04,416.4,1,344.9,1,71.5,,,0.0,416.4,344.9,71.5,,,0.0
2019-07-11,474.75,1,587.75,1,-113.0,,,0.0,474.75,587.75,-113.0,,,0.0
2019-07-18,416.2,1,464.3,1,-48.10000000000002,,,0.0,416.2,464.3,-48.10000000000002,,,0.0
2019-07-24,106.05,1,0.0,0,106.05,,,0.0,,,0.0,106.05,,106.05
2019-07-25,436.5,1,400.4,1,36.10000000000002,,,0.0,436.5,400.4,36.10000000000002,,,0.0
2019-08-02,446.7,1,419.7,1,27.0,,,0.0,446.7,419.7,27.0,,,0.0
2019-08-08,408.4,1,414.0,1,-5.600000000000023,,,0.0,408.4,414.0,-5.600000000000023,,,0.0
2019-08-15,438.8,1,635.3,1,-196.49999999999994,,,0.0,438.8,635.3,-196.49999999999994,,,0.0
2019-08-22,410.3,1,360.65,1,49.650000000000034,,,0.0,410.3,360.65,49.650000000000034,,,0.0
2019-08-29,393.4,1,401.35,1,-7.9500000000000455,,,0.0,393.4,401.35,-7.9500000000000455,,,0.0
2019-09-05,400.55,1,418.8,1,-18.25,,,0.0,400.55,418.8,-18.25,,,0.0
2019-09-12,403.7,1,446.5,1,-42.80000000000001,,,0.0,403.7,446.5,-42.80000000000001,,,0.0
2019-09-19,108.95,1,408.95,1,-300.0,,,0.0,108.95,408.95,-300.0,,,0.0
2019-09-25,204.865,2,0.0,0,204.865,,,0.0,,,0.0,204.865,,204.865
2019-09-26,365.5,1,403.55,1,-38.05000000000001,,,0.0,365.5,403.55,-38.05000000000001,,,0.0
2019-10-03,618.75,1,518.95,1,99.79999999999995,,,0.0,618.75,518.95,99.79999999999995,,,0.0
2019-10-10,418.9,1,474.75,1,-55.85000000000002,,,0.0,418.9,474.75,-55.85000000000002,,,0.0
2019-10-17,454.0,1,416.2,1,37.80000000000001,,,0.0,454.0,416.2,37.80000000000001,,,0.0
2019-10-24,467.6,1,436.5,1,31.100000000000023,,,0.0,467.6,436.5,31.100000000000023,,,0.0
2019-10-31,351.5,1,446.7,1,-95.19999999999999,,,0.0,351.5,446.7,-95.19999999999999,,,0.0
2019-11-07,373.2,1,408.4,1,-35.19999999999999,,,0.0,373.2,408.4,-35.19999999999999,,,0.0
2019-11-14,373.0,1,438.15,1,-65.14999999999998,,,0.0,373.0,438.15,-65.14999999999998,,,0.0
2019-11-21,423.35,1,410.3,1,13.050000000000011,,,0.0,423.35,410.3,13.050000000000011,,,0.0
2019-11-27,235.1,1,0.0,0,235.1,,,0.0,,,0.0,235.1,,235.1
2019-11-28,315.4,1,393.4,1,-78.0,,,0.0,315.4,393.4,-78.0,,,0.0
2019-12-05,377.9,1,400.55,1,-22.650000000000034,,,0.0,377.9,400.55,-22.650000000000034,,,0.0
2019-12-12,408.05,1,403.7,1,4.350000000000023,,,0.0,408.05,403.7,4.350000000000023,,,0.0
2019-12-19,113.7,1,108.95,1,4.75,,,0.0,113.7,108.95,4.75,,,0.0
2019-12-20,196.6,1,0.0,0,196.6,,,0.0,,,0.0,196.6,,196.6
2019-12-27,400.0,1,365.5,1,34.5,,,0.0,400.0,365.5,34.5,,,0.0
2020-01-03,155.3,1,279.7,1,-124.39999999999998,,,0.0,155.3,279.7,-124.39999999999998,,,0.0
2020-01-09,392.6,1,418.9,1,-26.299999999999955,,,0.0,392.6,418.9,-26.299999999999955,,,0.0
2020-01-16,421.2,1,454.0,1,-32.80000000000001,,,0.0,421.2,454.0,-32.80000000000001,,,0.0
2020-01-22,342.04999999999995,2,0.0,0,342.04999999999995,,,0.0,,,0.0,342.04999999999995,,342.04999999999995
2020-01-23,384.65,1,467.6,1,-82.95000000000005,,,0.0,384.65,467.6,-82.95000000000005,,,0.0
2020-01-30,451.5,1,351.5,1,100.0,,,0.0,451.5,351.5,100.0,,,0.0
2020-02-06,400.35,1,373.2,1,27.150000000000034,,,0.0,400.35,373.2,27.150000000000034,,,0.0
2020-02-13,462.7,1,438.8,1,23.899999999999977,,,0.0,462.7,438.8,23.899999999999977,,,0.0
2020-02-20,424.4,1,423.35,1,1.0499999999999545,,,0.0,424.4,423.35,1.0499999999999545,,,0.0
2020-02-26,203.35000000000002,2,0.0,0,203.35000000000002,,,0.0,,,0.0,203.35000000000002,,203.35000000000002
2020-02-27,464.5,1,315.4,1,149.10000000000002,,,0.0,464.5,315.4,149.10000000000002,,,0.0
2020-03-05,460.45,1,377.9,1,82.55000000000001,,,0.0,460.45,377.9,82.55000000000001,,,0.0
2020-03-12,467.9,1,408.05,1,59.849999999999966,,,0.0,467.9,408.05,59.849999999999966,,,0.0
2020-03-19,608.45,1,113.7,1,494.75000000000006,,,0.0,608.45,113.7,494.75000000000006,,,0.0
2020-03-25,171.7,1,0.0,0,171.7,,,0.0,,,0.0,171.7,,171.7
2020-03-26,633.65,1,400.0,1,233.64999999999998,,,0.0,633.65,400.0,233.64999999999998,,,0.0
2020-04-02,1193.2,1,618.75,1,574.45,,,0.0,1193.2,618.75,574.45,,,0.0
2020-04-09,1184.55,1,392.6,1,791.9499999999999,,,0.0,1184.55,392.6,791.9499999999999,,,0.0
2020-04-16,1456.4,1,421.2,1,1035.2,,,0.0,1456.4,421.2,1035.2,,,0.0
2020-04-22,596.0,2,0.0,0,596.0,,,0.0,,,0.0,596.0,,596.0
2020-04-23,1543.8,1,384.65,1,1159.15,,,0.0,1543.8,384.65,1159.15,,,0.0
2020-04-30,924.95,1,451.5,1,473.45000000000005,,,0.0,924.95,451.5,473.45000000000005,,,0.0
2020-05-07,893.1,1,400.35,1,492.75,,,0.0,893.1,400.35,492.75,,,0.0
2020-05-14,1038.95,1,373.0,1,665.95,,,0.0,1038.95,373.0,665.95,,,0.0
2020-05-22,849.85,1,424.4,1,425.45000000000005,,,0.0,849.85,424.4,425.45000000000005,,,0.0
2020-05-27,599.61,2,0.0,0,599.61,,,0.0,,,0.0,599.61,,599.61
2020-05-28,833.85,1,464.5,1,369.35,,,0.0,833.85,464.5,369.35,,,0.0
2020-06-04,850.3,1,460.45,1,389.84999999999997,,,0.0,850.3,460.45,389.84999999999997,,,0.0
2020-06-11,871.6,1,467.9,1,403.70000000000005,,,0.0,871.6,467.9,403.70000000000005,,,0.0
2020-06-18,800.0,1,608.45,1,191.54999999999995,,,0.0,800.0,608.45,191.54999999999995,,,0.0
2020-06-24,642.5999999999999,2,0.0,0,642.5999999999999,,,0.0,,,0.0,642.5999999999999,,642.5999999999999
2020-06-25,800.0,1,633.65,1,166.35000000000002,,,0.0,800.0,633.65,166.35000000000002,,,0.0
2020-07-02,800.0,1,416.4,1,383.6,,,0.0,800.0,416.4,383.6,,,0.0
2020-07-06,0.0,0,1066.01,2,-1066.01,,,0.0,,,0.0,,1066.01,-1066.01
2020-07-09,800.0,1,1184.55,1,-384.54999999999995,,,0.0,800.0,1184.55,-384.54999999999995,,,0.0
2020-07-16,794.2,1,1456.4,1,-662.2,,,0.0,794.2,1456.4,-662.2,,,0.0
2020-07-22,395.3,2,0.0,0,395.3,,,0.0,,,0.0,395.3,,395.3
2020-07-23,800.0,1,1543.8,1,-743.8,,,0.0,800.0,1543.8,-743.8,,,0.0
2020-07-30,800.0,1,924.95,1,-124.95000000000005,,,0.0,800.0,924.95,-124.95000000000005,,,0.0
2020-08-06,800.0,1,893.1,1,-93.10000000000002,,,0.0,800.0,893.1,-93.10000000000002,,,0.0
2020-08-13,962.05,1,462.7,1,499.34999999999997,,,0.0,962.05,462.7,499.34999999999997,,,0.0
2020-08-20,800.0,1,849.85,1,-49.85000000000002,,,0.0,800.0,849.85,-49.85000000000002,,,0.0
2020-08-27,800.0,1,833.85,1,-33.85000000000002,,,0.0,800.0,833.85,-33.85000000000002,,,0.0
2020-09-03,724.6,1,850.3,1,-125.69999999999993,,,0.0,724.6,850.3,-125.69999999999993,,,0.0
2020-09-10,750.7,1,871.6,1,-120.89999999999998,,,0.0,750.7,871.6,-120.89999999999998,,,0.0
2020-09-17,842.25,1,800.0,1,42.25,,,0.0,842.25,800.0,42.25,,,0.0
2020-09-23,195.65,1,0.0,0,195.65,,,0.0,,,0.0,195.65,,195.65
2020-09-24,792.75,1,800.0,1,-7.25,,,0.0,792.75,800.0,-7.25,,,0.0
2020-10-01,787.75,1,1193.2,1,-405.45000000000005,,,0.0,787.75,1193.2,-405.45000000000005,,,0.0
2020-10-08,754.05,1,800.0,1,-45.950000000000045,,,0.0,754.05,800.0,-45.950000000000045,,,0.0
2020-10-15,722.6,1,794.2,1,-71.60000000000002,,,0.0,722.6,794.2,-71.60000000000002,,,0.0
2020-10-22,762.75,1,800.0,1,-37.25,,,0.0,762.75,800.0,-37.25,,,0.0
2020-10-28,163.25,1,0.0,0,163.25,,,0.0,,,0.0,163.25,,163.25
2020-10-29,754.1,1,800.0,1,-45.89999999999998,,,0.0,754.1,800.0,-45.89999999999998,,,0.0
2020-11-05,806.5,1,800.0,1,6.5,,,0.0,806.5,800.0,6.5,,,0.0
2020-11-12,1022.7,1,1038.95,1,-16.25,,,0.0,1022.7,1038.95,-16.25,,,0.0
2020-11-19,875.85,1,800.0,1,75.85000000000002,,,0.0,875.85,800.0,75.85000000000002,,,0.0
2020-11-25,227.72,1,0.0,0,227.72,,,0.0,,,0.0,227.72,,227.72
2020-11-26,852.7,1,800.0,1,52.700000000000045,,,0.0,852.7,800.0,52.700000000000045,,,0.0
2020-12-03,800.0,1,724.6,1,75.39999999999998,,,0.0,800.0,724.6,75.39999999999998,,,0.0
2020-12-10,800.0,1,750.7,1,49.299999999999955,,,0.0,800.0,750.7,49.299999999999955,,,0.0
2020-12-17,807.0,1,842.25,1,-35.25,,,0.0,807.0,842.25,-35.25,,,0.0
2020-12-23,233.55,1,0.0,0,233.55,,,0.0,,,0.0,233.55,,233.55
2020-12-24,683.1,1,792.75,1,-109.64999999999998,,,0.0,683.1,792.75,-109.64999999999998,,,0.0
2020-12-31,810.25,1,155.3,1,654.95,,,0.0,810.25,155.3,654.95,,,0.0
2021-01-07,849.85,1,754.05,1,95.80000000000007,,,0.0,849.85,754.05,95.80000000000007,,,0.0
2021-01-14,792.55,1,722.6,1,69.94999999999993,,,0.0,792.55,722.6,69.94999999999993,,,0.0
2021-01-21,800.0,1,762.75,1,37.25,,,0.0,800.0,762.75,37.25,,,0.0
2021-01-27,413.1,2,0.0,0,413.1,,,0.0,,,0.0,413.1,,413.1
2021-01-28,798.35,1,754.1,1,44.25,,,0.0,798.35,754.1,44.25,,,0.0
2021-02-04,770.65,1,806.5,1,-35.85000000000002,,,0.0,770.65,806.5,-35.85000000000002,,,0.0
2021-02-11,904.0,1,962.05,1,-58.049999999999955,,,0.0,904.0,962.05,-58.049999999999955,,,0.0
2021-02-18,854.5,1,875.85,1,-21.350000000000023,,,0.0,854.5,875.85,-21.350000000000023,,,0.0
2021-02-24,796.05,2,0.0,0,796.05,,,0.0,,,0.0,796.05,,796.05
2021-02-25,800.0,1,852.7,1,-52.700000000000045,,,0.0,800.0,852.7,-52.700000000000045,,,0.0
2021-03-04,800.0,1,800.0,1,0.0,,,0.0,800.0,800.0,0.0,,,0.0
2021-03-11,800.0,1,800.0,1,0.0,,,0.0,800.0,800.0,0.0,,,0.0
2021-03-18,783.1,1,807.0,1,-23.899999999999977,,,0.0,783.1,807.0,-23.899999999999977,,,0.0
2021-03-24,692.0,3,0.0,0,692.0,,,0.0,,,0.0,692.0,,692.0
2021-03-25,800.0,1,683.1,1,116.89999999999998,,,0.0,800.0,683.1,116.89999999999998,,,0.0
2021-04-01,896.4,1,787.75,1,108.64999999999998,,,0.0,896.4,787.75,108.64999999999998,,,0.0
2021-04-08,880.65,1,849.85,1,30.799999999999955,,,0.0,880.65,849.85,30.799999999999955,,,0.0
2021-04-15,800.0,1,792.55,1,7.4500000000000455,,,0.0,800.0,792.55,7.4500000000000455,,,0.0
2021-04-22,741.05,1,800.0,1,-58.950000000000045,,,0.0,741.05,800.0,-58.950000000000045,,,0.0
2021-04-28,1060.05,3,2201.67,7,-1141.6200000000001,,,0.0,,,0.0,1060.05,2201.67,-1141.6200000000001
2021-04-29,800.0,1,798.35,1,1.6499999999999773,,,0.0,800.0,798.35,1.6499999999999773,,,0.0
2021-05-06,797.6,1,770.65,1,26.950000000000045,,,0.0,797.6,770.65,26.950000000000045,,,0.0
2021-05-14,810.55,1,1022.7,1,-212.1500000000001,,,0.0,810.55,1022.7,-212.1500000000001,,,0.0
2021-05-20,802.65,1,854.5,1,-51.85000000000002,,,0.0,802.65,854.5,-51.85000000000002,,,0.0
2021-05-26,653.35,3,0.0,0,653.35,,,0.0,,,0.0,653.35,,653.35
2021-05-27,751.8,1,800.0,1,-48.200000000000045,,,0.0,751.8,800.0,-48.200000000000045,,,0.0
2021-06-03,800.0,1,800.0,1,0.0,,,0.0,800.0,800.0,0.0,,,0.0
2021-06-10,766.25,1,800.0,1,-33.75,,,0.0,766.25,800.0,-33.75,,,0.0
2021-06-17,800.0,1,783.1,1,16.899999999999977,,,0.0,800.0,783.1,16.899999999999977,,,0.0
2021-06-23,1068.2,2,0.0,0,1068.2,,,0.0,,,0.0,1068.2,,1068.2
2021-06-24,848.5,1,800.0,1,48.5,,,0.0,848.5,800.0,48.5,,,0.0
2021-07-01,837.2,1,800.0,1,37.200000000000045,,,0.0,837.2,800.0,37.200000000000045,,,0.0
2021-07-08,800.0,1,880.65,1,-80.64999999999998,,,0.0,800.0,880.65,-80.64999999999998,,,0.0
2021-07-15,779.45,1,800.0,1,-20.549999999999955,,,0.0,779.45,800.0,-20.549999999999955,,,0.0
2021-07-22,800.0,1,741.05,1,58.950000000000045,,,0.0,800.0,741.05,58.950000000000045,,,0.0
2021-07-28,934.5999999999999,3,0.0,0,934.5999999999999,,,0.0,,,0.0,934.5999999999999,,934.5999999999999
2021-07-29,800.0,1,800.0,1,0.0,,,0.0,800.0,800.0,0.0,,,0.0
2021-08-05,805.85,1,797.6,1,8.25,,,0.0,805.85,797.6,8.25,,,0.0
2021-08-12,840.55,1,904.0,1,-63.450000000000045,,,0.0,840.55,904.0,-63.450000000000045,,,0.0
2021-08-19,778.15,1,802.65,1,-24.5,,,0.0,778.15,802.65,-24.5,,,0.0
2021-08-26,828.9,1,751.8,1,77.10000000000002,,,0.0,828.9,751.8,77.10000000000002,,,0.0
2021-09-02,773.85,1,800.0,1,-26.149999999999977,,,0.0,773.85,800.0,-26.149999999999977,,,0.0
2021-09-09,699.45,1,766.25,1,-66.79999999999995,,,0.0,699.45,766.25,-66.79999999999995,,,0.0
2021-09-16,720.5,1,800.0,1,-79.5,,,0.0,720.5,800.0,-79.5,,,0.0
2021-09-22,596.95,3,0.0,0,596.95,,,0.0,,,0.0,596.95,,596.95
2021-09-23,600.0,1,848.5,1,-248.5,,,0.0,600.0,848.5,-248.5,,,0.0
2021-09-30,636.95,1,896.4,1,-259.44999999999993,,,0.0,636.95,896.4,-259.44999999999993,,,0.0
2021-10-07,600.0,1,800.0,1,-200.0,,,0.0,600.0,800.0,-200.0,,,0.0
2021-10-14,609.3,1,779.45,1,-170.1500000000001,,,0.0,609.3,779.45,-170.1500000000001,,,0.0
2021-10-21,779.25,1,800.0,1,-20.75,,,0.0,779.25,800.0,-20.75,,,0.0
2021-10-27,398.6,2,0.0,0,398.6,,,0.0,,,0.0,398.6,,398.6
2021-10-28,836.3,1,800.0,1,36.299999999999955,,,0.0,836.3,800.0,36.299999999999955,,,0.0
2021-11-04,600.0,1,805.85,1,-205.85000000000002,,,0.0,600.0,805.85,-205.85000000000002,,,0.0
2021-11-11,649.95,1,810.55,1,-160.5999999999999,,,0.0,649.95,810.55,-160.5999999999999,,,0.0
2021-11-18,585.75,1,778.15,1,-192.39999999999998,,,0.0,585.75,778.15,-192.39999999999998,,,0.0
2021-11-24,400.31000000000006,2,0.0,0,400.31000000000006,,,0.0,,,0.0,400.31000000000006,,400.31000000000006
2021-11-25,594.1,1,828.9,1,-234.79999999999995,,,0.0,594.1,828.9,-234.79999999999995,,,0.0
2021-12-02,630.3,1,773.85,1,-143.55000000000007,,,0.0,630.3,773.85,-143.55000000000007,,,0.0
2021-12-09,592.6,1,699.45,1,-106.85000000000002,,,0.0,592.6,699.45,-106.85000000000002,,,0.0
2021-12-16,654.75,1,720.5,1,-65.75,,,0.0,654.75,720.5,-65.75,,,0.0
2021-12-22,219.1,1,0.0,0,219.1,,,0.0,,,0.0,219.1,,219.1
2021-12-23,533.65,1,600.0,1,-66.35000000000002,,,0.0,533.65,600.0,-66.35000000000002,,,0.0
2021-12-30,461.1,1,810.25,1,-349.15,,,0.0,461.1,810.25,-349.15,,,0.0
2022-01-06,626.85,1,600.0,1,26.850000000000023,,,0.0,626.85,600.0,26.850000000000023,,,0.0
2022-01-13,603.1,1,609.3,1,-6.199999999999932,,,0.0,603.1,609.3,-6.199999999999932,,,0.0
2022-01-20,620.6,1,779.25,1,-158.64999999999998,,,0.0,620.6,779.25,-158.64999999999998,,,0.0
2022-01-26,485.6,2,0.0,0,485.6,,,0.0,,,0.0,485.6,,485.6
2022-01-27,650.3,1,836.3,1,-186.0,,,0.0,650.3,836.3,-186.0,,,0.0
2022-02-03,626.85,1,600.0,1,26.850000000000023,,,0.0,626.85,600.0,26.850000000000023,,,0.0
2022-02-10,658.4,1,840.55,1,-182.14999999999998,,,0.0,658.4,840.55,-182.14999999999998,,,0.0
2022-02-17,544.7,1,585.75,1,-41.049999999999955,,,0.0,544.7,585.75,-41.049999999999955,,,0.0
2022-02-23,591.509,3,0.0,0,591.509,,,0.0,,,0.0,591.509,,591.509
2022-02-24,402.1,1,594.1,1,-192.0,,,0.0,402.1,594.1,-192.0,,,0.0
2022-03-03,629.7,1,630.3,1,-0.599999999999909,,,0.0,629.7,630.3,-0.599999999999909,,,0.0
2022-03-10,594.5,1,592.6,1,1.8999999999999773,,,0.0,594.5,592.6,1.8999999999999773,,,0.0
2022-03-16,0.0,0,1524.75,1,-1524.75,,,0.0,,1524.75,-1524.75,,,0.0
2022-03-17,540.75,1,654.75,1,-114.0,,,0.0,540.75,654.75,-114.0,,,0.0
2022-03-23,531.63,3,1448.4,1,-916.7700000000001,,,0.0,,1448.4,-1448.4,531.63,,531.63
2022-03-24,466.85,1,533.65,1,-66.79999999999995,,,0.0,466.85,533.65,-66.79999999999995,,,0.0
2022-03-31,639.25,1,636.95,1,2.2999999999999545,,,0.0,639.25,636.95,2.2999999999999545,,,0.0
2022-04-07,536.85,1,626.85,1,-90.0,,,0.0,536.85,626.85,-90.0,,,0.0
2022-04-14,501.5,1,603.1,1,-101.60000000000002,,,0.0,501.5,603.1,-101.60000000000002,,,0.0
2022-04-21,520.8,1,620.6,1,-99.80000000000007,,,0.0,520.8,620.6,-99.80000000000007,,,0.0
2022-04-27,424.4,2,0.0,0,424.4,,,0.0,,,0.0,424.4,,424.4
2022-04-28,458.95,1,650.3,1,-191.34999999999997,,,0.0,458.95,650.3,-191.34999999999997,,,0.0
2022-05-05,483.45,1,626.85,1,-143.40000000000003,,,0.0,483.45,626.85,-143.40000000000003,,,0.0
2022-05-12,613.05,1,649.95,1,-36.90000000000009,,,0.0,613.05,649.95,-36.90000000000009,,,0.0
2022-05-19,516.4,1,544.7,1,-28.300000000000068,,,0.0,516.4,544.7,-28.300000000000068,,,0.0
2022-05-25,477.96000000000004,2,3233.367,8,-2755.407,,,0.0,,,0.0,477.96000000000004,3233.367,-2755.407
2022-05-27,418.9,1,402.1,1,16.799999999999955,,,0.0,418.9,402.1,16.799999999999955,,,0.0
2022-06-02,331.8,1,629.7,1,-297.90000000000003,,,0.0,331.8,629.7,-297.90000000000003,,,0.0
2022-06-09,436.55,1,594.5,1,-157.95,,,0.0,436.55,594.5,-157.95,,,0.0
2022-06-16,510.85,1,540.75,1,-29.899999999999977,,,0.0,510.85,540.75,-29.899999999999977,,,0.0
2022-06-22,501.44000000000005,2,0.0,0,501.44000000000005,,,0.0,,,0.0,501.44000000000005,,501.44000000000005
2022-06-23,406.45,1,466.85,1,-60.400000000000034,,,0.0,406.45,466.85,-60.400000000000034,,,0.0
2022-06-30,257.45,1,837.2,1,-579.75,,,0.0,257.45,837.2,-579.75,,,0.0
2022-07-07,515.65,1,536.85,1,-21.200000000000045,,,0.0,515.65,536.85,-21.200000000000045,,,0.0
2022-07-14,496.2,1,501.5,1,-5.300000000000011,,,0.0,496.2,501.5,-5.300000000000011,,,0.0
2022-07-21,484.0,1,520.8,1,-36.799999999999955,,,0.0,484.0,520.8,-36.799999999999955,,,0.0
2022-07-27,655.6,2,0.0,0,655.6,,,0.0,,,0.0,655.6,,655.6
2022-07-28,349.45,1,458.95,1,-109.5,,,0.0,349.45,458.95,-109.5,,,0.0
2022-08-04,311.45,1,483.45,1,-172.0,,,0.0,311.45,483.45,-172.0,,,0.0
2022-08-11,677.05,1,658.4,1,18.649999999999977,,,0.0,677.05,658.4,18.649999999999977,,,0.0
2022-08-15,132.0,1,0.0,0,132.0,132.0,,132.0,,,0.0,,,0.0
2022-08-18,426.8,1,516.4,1,-89.59999999999997,,,0.0,426.8,516.4,-89.59999999999997,,,0.0
2022-08-22,73.0,1,132.0,1,-59.0,73.0,132.0,-59.0,,,0.0,,,0.0
2022-08-25,393.95,1,418.9,1,-24.94999999999999,,,0.0,393.95,418.9,-24.94999999999999,,,0.0
2022-08-29,48.0,1,73.0,1,-25.0,48.0,73.0,-25.0,,,0.0,,,0.0
2022-09-01,525.2,1,331.8,1,193.40000000000003,,,0.0,525.2,331.8,193.40000000000003,,,0.0
2022-09-05,15.0,1,48.0,1,-33.0,15.0,48.0,-33.0,,,0.0,,,0.0
2022-09-08,543.35,1,436.55,1,106.80000000000001,,,0.0,543.35,436.55,106.80000000000001,,,0.0
2022-09-12,7.0,1,15.0,1,-8.0,7.0,15.0,-8.0,,,0.0,,,0.0
2022-09-15,620.2,1,510.85,1,109.35000000000002,,,0.0,620.2,510.85,109.35000000000002,,,0.0
2022-09-19,6.0,1,7.0,1,-1.0,6.0,7.0,-1.0,,,0.0,,,0.0
2022-09-22,521.3,1,406.45,1,114.84999999999997,,,0.0,521.3,406.45,114.84999999999997,,,0.0
2022-09-26,17853.0,2,6.0,1,17847.0,17853.0,6.0,17847.0,,,0.0,,,0.0
2022-09-28,621.7850000000001,2,0.0,0,621.7850000000001,,,0.0,,,0.0,621.7850000000001,,621.7850000000001
2022-09-29,849.35,1,639.25,1,210.10000000000002,,,0.0,849.35,639.25,210.10000000000002,,,0.0
2022-10-03,16249.0,2,0.0,0,16249.0,16249.0,,16249.0,,,0.0,,,0.0
2022-10-06,629.35,1,515.65,1,113.70000000000005,,,0.0,629.35,515.65,113.70000000000005,,,0.0
2022-10-10,12930.0,2,0.0,0,12930.0,12930.0,,12930.0,,,0.0,,,0.0
2022-10-13,712.35,1,496.2,1,216.15000000000003,,,0.0,712.35,496.2,216.15000000000003,,,0.0
2022-10-17,18425.0,2,0.0,0,18425.0,18425.0,,18425.0,,,0.0,,,0.0
2022-10-20,668.55,1,484.0,1,184.54999999999995,,,0.0,668.55,484.0,184.54999999999995,,,0.0
2022-10-24,17294.0,2,13953.0,1,3341.0,17294.0,13953.0,3341.0,,,0.0,,,0.0
2022-10-26,766.05,1,0.0,0,766.05,,,0.0,,,0.0,766.05,,766.05
2022-10-27,626.45,1,349.45,1,277.00000000000006,,,0.0,626.45,349.45,277.00000000000006,,,0.0
2022-10-31,19962.0,2,11644.0,1,8318.0,19962.0,11644.0,8318.0,,,0.0,,,0.0
2022-11-03,937.35,1,311.45,1,625.9000000000001,,,0.0,937.35,311.45,625.9000000000001,,,0.0
2022-11-07,13171.0,2,10193.0,1,2978.0,13171.0,10193.0,2978.0,,,0.0,,,0.0
2022-11-10,1057.5,1,613.05,1,444.45000000000005,,,0.0,1057.5,613.05,444.45000000000005,,,0.0
2022-11-14,17258.0,2,14745.0,1,2513.0,17258.0,14745.0,2513.0,,,0.0,,,0.0
2022-11-17,1070.6,1,426.8,1,643.8,,,0.0,1070.6,426.8,643.8,,,0.0
2022-11-21,18882.0,2,13994.0,1,4888.0,18882.0,13994.0,4888.0,,,0.0,,,0.0
2022-11-23,767.54,3,0.0,0,767.54,,,0.0,,,0.0,767.54,,767.54
2022-11-24,1120.6,1,393.95,1,726.6499999999999,,,0.0,1120.6,393.95,726.6499999999999,,,0.0
2022-11-28,16332.0,2,15150.0,1,1182.0,16332.0,15150.0,1182.0,,,0.0,,,0.0
2022-12-01,1200.9,1,525.2,1,675.7,,,0.0,1200.9,525.2,675.7,,,0.0
2022-12-05,17945.0,2,11372.0,1,6573.0,17945.0,11372.0,6573.0,,,0.0,,,0.0
2022-12-08,960.9,1,543.35,1,417.54999999999995,,,0.0,960.9,543.35,417.54999999999995,,,0.0
2022-12-12,12973.0,2,15193.0,1,-2220.0,12973.0,15193.0,-2220.0,,,0.0,,,0.0
2022-12-15,1524.75,1,620.2,1,904.55,,,0.0,1524.75,620.2,904.55,,,0.0
2022-12-19,18056.0,2,17757.0,2,299.0,18056.0,17757.0,299.0,,,0.0,,,0.0
2022-12-22,1448.4,1,521.3,1,927.1000000000001,,,0.0,1448.4,521.3,927.1000000000001,,,0.0
2022-12-27,16475.0,2,11458.0,1,5017.0,16475.0,11458.0,5017.0,,,0.0,,,0.0
2022-12-28,937.52,3,0.0,0,937.52,,,0.0,,,0.0,937.52,,937.52
2022-12-29,1183.8,1,461.1,1,722.6999999999999,,,0.0,1183.8,461.1,722.6999999999999,,,0.0
2023-01-03,7910.0,2,11617.0,2,-3707.0,7910.0,11617.0,-3707.0,,,0.0,,,0.0
2023-01-05,1138.8,1,629.35,1,509.44999999999993,,,0.0,1138.8,629.35,509.44999999999993,,,0.0
2023-01-09,10271.0,2,10271.0,1,0.0,10271.0,10271.0,0.0,,,0.0,,,0.0
2023-01-12,1143.2,1,712.35,1,430.85,,,0.0,1143.2,712.35,430.85,,,0.0
2023-01-16,11499.0,2,12288.0,2,-789.0,11499.0,12288.0,-789.0,,,0.0,,,0.0
2023-01-19,1305.15,1,668.55,1,636.6000000000001,,,0.0,1305.15,668.55,636.6000000000001,,,0.0
2023-01-23,14237.0,2,11905.0,1,2332.0,14237.0,11905.0,2332.0,,,0.0,,,0.0
2023-01-25,1027.5,3,0.0,0,1027.5,,,0.0,,,0.0,1027.5,,1027.5
2023-01-26,2131.05,1,626.45,1,1504.6000000000001,,,0.0,2131.05,626.45,1504.6000000000001,,,0.0
2023-01-30,8792.0,2,6635.0,2,2157.0,8792.0,6635.0,2157.0,,,0.0,,,0.0
2023-02-02,2144.8,1,937.35,1,1207.4500000000003,,,0.0,2144.8,937.35,1207.4500000000003,,,0.0
2023-02-06,9291.0,2,9066.0,1,225.0,9291.0,9066.0,225.0,,,0.0,,,0.0
2023-02-09,1488.35,1,677.05,1,811.3,,,0.0,1488.35,677.05,811.3,,,0.0
2023-02-13,14415.0,2,11099.0,2,3316.0,14415.0,11099.0,3316.0,,,0.0,,,0.0
2023-02-16,1231.3,1,1070.6,1,160.70000000000005,,,0.0,1231.3,1070.6,160.70000000000005,,,0.0
2023-02-20,13883.0,2,10623.0,1,3260.0,13883.0,10623.0,3260.0,,,0.0,,,0.0
2023-02-22,1062.58,3,0.0,0,1062.58,,,0.0,,,0.0,1062.58,,1062.58
2023-02-23,1428.0,1,1120.6,1,307.4000000000001,,,0.0,1428.0,1120.6,307.4000000000001,,,0.0
2023-02-27,14566.0,2,15852.0,2,-1286.0,14566.0,15852.0,-1286.0,,,0.0,,,0.0
2023-03-02,1158.85,1,1200.9,1,-42.05000000000018,,,0.0,1158.85,1200.9,-42.05000000000018,,,0.0
2023-03-06,10767.0,2,8410.0,1,2357.0,10767.0,8410.0,2357.0,,,0.0,,,0.0
2023-03-09,1207.6,1,960.9,1,246.69999999999993,,,0.0,1207.6,960.9,246.69999999999993,,,0.0
2023-03-13,20358.0,2,18430.0,2,1928.0,20358.0,18430.0,1928.0,,,0.0,,,0.0
2023-03-16,1181.5,1,0.0,0,1181.5,,,0.0,1181.5,,1181.5,,,0.0
2023-03-20,8090.0,2,15522.0,2,-7432.0,8090.0,15522.0,-7432.0,,,0.0,,,0.0
2023-03-22,830.9000000000001,3,0.0,0,830.9000000000001,,,0.0,,,0.0,830.9000000000001,,830.9000000000001
2023-03-23,1256.8,1,0.0,0,1256.8,,,0.0,1256.8,,1256.8,,,0.0
2023-03-27,14839.0,3,11728.0,2,3111.0,14839.0,11728.0,3111.0,,,0.0,,,0.0
2023-03-30,1014.3,1,849.35,1,164.94999999999993,,,0.0,1014.3,849.35,164.94999999999993,,,0.0
2023-04-03,12151.0,3,10762.0,2,1389.0,12151.0,10762.0,1389.0,,,0.0,,,0.0
2023-04-06,1055.35,1,1138.8,1,-83.45000000000005,,,0.0,1055.35,1138.8,-83.45000000000005,,,0.0
2023-04-11,22161.0,3,19844.0,3,2317.0,22161.0,19844.0,2317.0,,,0.0,,,0.0
2023-04-13,1046.65,1,1143.2,1,-96.54999999999995,,,0.0,1046.65,1143.2,-96.54999999999995,,,0.0
2023-04-17,17933.0,3,16319.0,3,1614.0,17933.0,16319.0,1614.0,,,0.0,,,0.0
2023-04-20,1183.4,1,1305.15,1,-121.75,,,0.0,1183.4,1305.15,-121.75,,,0.0
2023-04-24,27138.0,3,12467.0,3,14671.0,27138.0,12467.0,14671.0,,,0.0,,,0.0
2023-04-26,724.05,2,0.0,0,724.05,,,0.0,,,0.0,724.05,,724.05
2023-04-27,1004.6,1,2131.05,1,-1126.4500000000003,,,0.0,1004.6,2131.05,-1126.4500000000003,,,0.0
2023-05-02,24362.0,3,15324.0,2,9038.0,24362.0,15324.0,9038.0,,,0.0,,,0.0
2023-05-04,851.75,1,2144.8,1,-1293.0500000000002,,,0.0,851.75,2144.8,-1293.0500000000002,,,0.0
2023-05-08,23703.0,3,21645.0,3,2058.0,23703.0,21645.0,2058.0,,,0.0,,,0.0
2023-05-11,852.85,1,1057.5,1,-204.64999999999998,,,0.0,852.85,1057.5,-204.64999999999998,,,0.0
2023-05-15,20155.0,3,22871.0,3,-2716.0,20155.0,22871.0,-2716.0,,,0.0,,,0.0
2023-05-19,871.05,1,1231.3,1,-360.25,,,0.0,871.05,1231.3,-360.25,,,0.0
2023-05-22,23755.0,3,23947.0,3,-192.0,23755.0,23947.0,-192.0,,,0.0,,,0.0
2023-05-24,603.0,2,0.0,0,603.0,,,0.0,,,0.0,603.0,,603.0
2023-05-25,827.9,1,1428.0,1,-600.1,,,0.0,827.9,1428.0,-600.1,,,0.0
2023-05-30,21824.0,3,20711.0,2,1113.0,21824.0,20711.0,1113.0,,,0.0,,,0.0
2023-06-01,863.05,1,1158.85,1,-295.79999999999995,,,0.0,863.05,1158.85,-295.79999999999995,,,0.0
2023-06-05,25368.0,3,23793.0,3,1575.0,25368.0,23793.0,1575.0,,,0.0,,,0.0
2023-06-08,838.75,1,1207.6,1,-368.8499999999999,,,0.0,838.75,1207.6,-368.8499999999999,,,0.0
2023-06-12,17893.0,3,16825.0,3,1068.0,17893.0,16825.0,1068.0,,,0.0,,,0.0
2023-06-15,1004.4,1,1181.5,1,-177.10000000000002,,,0.0,1004.4,1181.5,-177.10000000000002,,,0.0
2023-06-19,17358.0,2,18342.0,3,-984.0,17358.0,18342.0,-984.0,,,0.0,,,0.0
2023-06-22,889.2,1,1256.8,1,-367.5999999999999,,,0.0,889.2,1256.8,-367.5999999999999,,,0.0
2023-06-26,8261.0,2,11230.0,1,-2969.0,8261.0,11230.0,-2969.0,,,0.0,,,0.0
2023-06-28,602.44,1,0.0,0,602.44,,,0.0,,,0.0,602.44,,602.44
2023-06-29,467.55,1,257.45,1,210.10000000000002,,,0.0,467.55,257.45,210.10000000000002,,,0.0
2023-07-03,10396.0,2,17332.0,2,-6936.0,10396.0,17332.0,-6936.0,,,0.0,,,0.0
2023-07-06,788.85,1,1055.35,1,-266.4999999999999,,,0.0,788.85,1055.35,-266.4999999999999,,,0.0
2023-07-10,10423.0,2,13173.0,2,-2750.0,10423.0,13173.0,-2750.0,,,0.0,,,0.0
2023-07-13,969.1,1,1046.65,1,-77.55000000000007,,,0.0,969.1,1046.65,-77.55000000000007,,,0.0
2023-07-17,16238.0,2,19546.0,2,-3308.0,16238.0,19546.0,-3308.0,,,0.0,,,0.0
2023-07-20,897.95,1,1183.4,1,-285.45000000000005,,,0.0,897.95,1183.4,-285.45000000000005,,,0.0
2023-07-24,5200.0,2,5626.0,1,-426.0,5200.0,5626.0,-426.0,,,0.0,,,0.0
2023-07-26,463.76,2,0.0,0,463.76,,,0.0,,,0.0,463.76,,463.76
2023-07-27,897.5,1,1004.6,1,-107.10000000000002,,,0.0,897.5,1004.6,-107.10000000000002,,,0.0
2023-07-31,8632.0,2,12952.0,2,-4320.0,8632.0,12952.0,-4320.0,,,0.0,,,0.0
2023-08-03,911.0,1,851.75,1,59.25,,,0.0,911.0,851.75,59.25,,,0.0
2023-08-07,12089.0,2,11965.0,2,124.0,12089.0,11965.0,124.0,,,0.0,,,0.0
2023-08-10,1259.95,1,1488.35,1,-228.39999999999986,,,0.0,1259.95,1488.35,-228.39999999999986,,,0.0
2023-08-14,11724.0,2,22126.0,2,-10402.0,11724.0,22126.0,-10402.0,,,0.0,,,0.0
2023-08-17,850.555,1,871.05,1,-20.495000000000005,,,0.0,850.555,871.05,-20.495000000000005,,,0.0
2023-08-21,6062.0,2,4170.0,1,1892.0,6062.0,4170.0,1892.0,,,0.0,,,0.0
2023-08-24,811.0,1,827.9,1,-16.899999999999977,,,0.0,811.0,827.9,-16.899999999999977,,,0.0
2023-08-28,12090.0,2,16406.0,2,-4316.0,12090.0,16406.0,-4316.0,,,0.0,,,0.0
2023-08-31,834.55,1,863.05,1,-28.5,,,0.0,834.55,863.05,-28.5,,,0.0
2023-09-04,10680.0,2,10796.0,2,-116.0,10680.0,10796.0,-116.0,,,0.0,,,0.0
2023-09-07,767.15,1,838.75,1,-71.60000000000002,,,0.0,767.15,838.75,-71.60000000000002,,,0.0
2023-09-11,13964.0,2,17030.0,2,-3066.0,13964.0,17030.0,-3066.0,,,0.0,,,0.0
2023-09-14,829.95,1,1004.4,1,-174.44999999999993,,,0.0,829.95,1004.4,-174.44999999999993,,,0.0
2023-09-18,6183.0,2,7775.0,2,-1592.0,6183.0,7775.0,-1592.0,,,0.0,,,0.0
2023-09-21,900.0,1,889.2,1,10.799999999999955,,,0.0,900.0,889.2,10.799999999999955,,,0.0
2023-09-25,8718.0,2,13821.0,2,-5103.0,8718.0,13821.0,-5103.0,,,0.0,,,0.0
2023-09-27,737.6,2,0.0,0,737.6,,,0.0,,,0.0,737.6,,737.6
2023-09-28,973.95,1,1014.3,1,-40.34999999999991,,,0.0,973.95,1014.3,-40.34999999999991,,,0.0
2023-10-02,5150.0,2,6723.0,2,-1573.0,5150.0,6723.0,-1573.0,,,0.0,,,0.0
2023-10-05,779.3,1,788.85,1,-9.550000000000068,,,0.0,779.3,788.85,-9.550000000000068,,,0.0
2023-10-09,10887.0,2,15667.0,2,-4780.0,10887.0,15667.0,-4780.0,,,0.0,,,0.0
2023-10-12,1091.65,1,969.1,1,122.55000000000007,,,0.0,1091.65,969.1,122.55000000000007,,,0.0
2023-10-16,6266.0,2,7015.0,2,-749.0,6266.0,7015.0,-749.0,,,0.0,,,0.0
2023-10-19,788.45,1,897.95,1,-109.5,,,0.0,788.45,897.95,-109.5,,,0.0
2023-10-23,7961.0,2,8323.0,2,-362.0,7961.0,8323.0,-362.0,,,0.0,,,0.0
2023-10-25,776.45,3,0.0,0,776.45,,,0.0,,,0.0,776.45,,776.45
2023-10-26,747.15,1,897.5,1,-150.35000000000002,,,0.0,747.15,897.5,-150.35000000000002,,,0.0
2023-10-30,6469.0,2,7388.0,2,-919.0,6469.0,7388.0,-919.0,,,0.0,,,0.0
2023-11-02,748.1,1,911.0,1,-162.89999999999998,,,0.0,748.1,911.0,-162.89999999999998,,,0.0
2023-11-06,7667.0,2,8269.0,2,-602.0,7667.0,8269.0,-602.0,,,0.0,,,0.0
2023-11-09,951.5,1,852.85,1,98.64999999999998,,,0.0,951.5,852.85,98.64999999999998,,,0.0
2023-11-13,7985.0,2,7458.0,2,527.0,7985.0,7458.0,527.0,,,0.0,,,0.0
2023-11-16,737.8,1,850.555,1,-112.755,,,0.0,737.8,850.555,-112.755,,,0.0
2023-11-20,11313.0,2,10595.0,2,718.0,11313.0,10595.0,718.0,,,0.0,,,0.0
2023-11-22,976.6299999999999,2,0.0,0,976.6299999999999,,,0.0,,,0.0,976.6299999999999,,976.6299999999999
2023-11-23,689.9,1,811.0,1,-121.10000000000002,,,0.0,689.9,811.0,-121.10000000000002,,,0.0
2023-11-27,8503.0,2,8656.0,2,-153.0,8503.0,8656.0,-153.0,,,0.0,,,0.0
2023-11-30,747.25,1,834.55,1,-87.29999999999995,,,0.0,747.25,834.55,-87.29999999999995,,,0.0
2023-12-04,9508.0,2,5569.0,2,3939.0,9508.0,5569.0,3939.0,,,0.0,,,0.0
2023-12-07,1064.1,1,767.15,1,296.94999999999993,,,0.0,1064.1,767.15,296.94999999999993,,,0.0
2023-12-11,10102.0,2,8580.0,2,1522.0,10102.0,8580.0,1522.0,,,0.0,,,0.0
2023-12-14,973.7,1,829.95,1,143.75,,,0.0,973.7,829.95,143.75,,,0.0
2023-12-18,6949.0,2,9147.0,2,-2198.0,6949.0,9147.0,-2198.0,,,0.0,,,0.0
2023-12-21,985.1,1,900.0,1,85.10000000000002,,,0.0,985.1,900.0,85.10000000000002,,,0.0
2023-12-27,9025.41,3,8643.0,2,382.40999999999985,8720.0,8643.0,77.0,,,0.0,305.41,,305.41
2023-12-28,964.15,1,1183.8,1,-219.64999999999998,,,0.0,964.15,1183.8,-219.64999999999998,,,0.0
2024-01-03,4113.0,2,12832.0,2,-8719.0,4113.0,12832.0,-8719.0,,,0.0,,,0.0
2024-01-04,773.45,1,779.3,1,-5.849999999999909,,,0.0,773.45,779.3,-5.849999999999909,,,0.0
2024-01-08,5270.0,2,10328.0,2,-5058.0,5270.0,10328.0,-5058.0,,,0.0,,,0.0
2024-01-11,1058.85,1,1091.65,1,-32.80000000000018,,,0.0,1058.85,1091.65,-32.80000000000018,,,0.0
2024-01-15,6978.0,2,8497.0,2,-1519.0,6978.0,8497.0,-1519.0,,,0.0,,,0.0
2024-01-18,1112.7,1,788.45,1,324.25,,,0.0,1112.7,788.45,324.25,,,0.0
2024-01-22,8278.0,2,11345.0,2,-3067.0,8278.0,11345.0,-3067.0,,,0.0,,,0.0
2024-01-24,403.25,2,0.0,0,403.25,,,0.0,,,0.0,403.25,,403.25
2024-01-25,1041.55,1,747.15,1,294.4,,,0.0,1041.55,747.15,294.4,,,0.0
2024-01-29,6829.0,2,6409.0,2,420.0,6829.0,6409.0,420.0,,,0.0,,,0.0
2024-02-01,977.05,1,748.1,1,228.94999999999993,,,0.0,977.05,748.1,228.94999999999993,,,0.0
2024-02-05,7986.0,2,8285.0,2,-299.0,7986.0,8285.0,-299.0,,,0.0,,,0.0
2024-02-08,1118.85,1,1259.95,1,-141.10000000000014,,,0.0,1118.85,1259.95,-141.10000000000014,,,0.0
2024-02-12,13056.0,2,10343.0,2,2713.0,13056.0,10343.0,2713.0,,,0.0,,,0.0
2024-02-15,1133.4,1,737.8,1,395.60000000000014,,,0.0,1133.4,737.8,395.60000000000014,,,0.0
2024-02-19,9723.0,2,13918.0,2,-4195.0,9723.0,13918.0,-4195.0,,,0.0,,,0.0
2024-02-22,1152.5,1,689.9,1,462.6,,,0.0,1152.5,689.9,462.6,,,0.0
2024-02-26,8363.0,2,6353.0,2,2010.0,8363.0,6353.0,2010.0,,,0.0,,,0.0
2024-02-28,505.0,2,0.0,0,505.0,,,0.0,,,0.0,505.0,,505.0
2024-02-29,900.0,1,747.25,1,152.75,,,0.0,900.0,747.25,152.75,,,0.0
2024-03-04,10716.0,2,8111.0,2,2605.0,10716.0,8111.0,2605.0,,,0.0,,,0.0
2024-03-07,856.85,1,1064.1,1,-207.2499999999999,,,0.0,856.85,1064.1,-207.2499999999999,,,0.0
2024-03-11,15272.0,2,8146.0,2,7126.0,15272.0,8146.0,7126.0,,,0.0,,,0.0
2024-03-14,752.8,1,973.7,1,-220.9000000000001,,,0.0,752.8,973.7,-220.9000000000001,,,0.0
2024-03-18,15517.0,2,12057.0,2,3460.0,15517.0,12057.0,3460.0,,,0.0,,,0.0
2024-03-21,711.2,1,985.1,1,-273.9,,,0.0,711.2,985.1,-273.9,,,0.0
2024-03-25,8063.0,2,6548.0,2,1515.0,8063.0,6548.0,1515.0,,,0.0,,,0.0
2024-03-27,402.15,2,0.0,0,402.15,,,0.0,,,0.0,402.15,,402.15
2024-03-28,692.6,1,973.95,1,-281.35,,,0.0,692.6,973.95,-281.35,,,0.0
2024-04-02,3472.0,2,13398.0,2,-9926.0,3472.0,13398.0,-9926.0,,,0.0,,,0.0
2024-04-04,745.65,1,773.45,1,-27.800000000000068,,,0.0,745.65,773.45,-27.800000000000068,,,0.0
2024-04-08,10225.0,2,15420.0,2,-5195.0,10225.0,15420.0,-5195.0,,,0.0,,,0.0
2024-04-11,659.15,1,1058.85,1,-399.69999999999993,,,0.0,659.15,1058.85,-399.69999999999993,,,0.0
2024-04-15,11467.0,2,17338.0,2,-5871.0,11467.0,17338.0,-5871.0,,,0.0,,,0.0
2024-04-18,609.8,1,1112.7,1,-502.9000000000001,,,0.0,609.8,1112.7,-502.9000000000001,,,0.0
2024-04-22,4760.0,2,9066.0,2,-4306.0,4760.0,9066.0,-4306.0,,,0.0,,,0.0
2024-04-24,336.22,2,0.0,0,336.22,,,0.0,,,0.0,336.22,,336.22
2024-04-25,576.05,1,1041.55,1,-465.5,,,0.0,576.05,1041.55,-465.5,,,0.0
2024-04-29,6633.0,2,6248.0,2,385.0,6633.0,6248.0,385.0,,,0.0,,,0.0
2024-05-02,677.2,1,977.05,1,-299.8499999999999,,,0.0,677.2,977.05,-299.8499999999999,,,0.0
2024-05-06,9375.0,2,14035.0,2,-4660.0,9375.0,14035.0,-4660.0,,,0.0,,,0.0
2024-05-10,625.35,1,951.5,1,-326.15,,,0.0,625.35,951.5,-326.15,,,0.0
2024-05-13,9529.0,2,11423.0,2,-1894.0,9529.0,11423.0,-1894.0,,,0.0,,,0.0
2024-05-16,688.0,1,1133.4,1,-445.4000000000001,,,0.0,688.0,1133.4,-445.4000000000001,,,0.0
2024-05-21,8980.0,2,5844.0,2,3136.0,8980.0,5844.0,3136.0,,,0.0,,,0.0
2024-05-22,348.95,1,0.0,0,348.95,,,0.0,,,0.0,348.95,,348.95
2024-05-23,775.15,1,1152.5,1,-377.35,,,0.0,775.15,1152.5,-377.35,,,0.0
2024-05-27,6675.0,2,8630.0,2,-1955.0,6675.0,8630.0,-1955.0,,,0.0,,,0.0
2024-05-30,521.15,1,900.0,1,-378.85,,,0.0,521.15,900.0,-378.85,,,0.0
2024-06-03,10688.0,2,8033.0,2,2655.0,10688.0,8033.0,2655.0,,,0.0,,,0.0
2024-06-06,516.45,1,856.85,1,-340.4,,,0.0,516.45,856.85,-340.4,,,0.0
2024-06-10,11809.0,2,9350.0,2,2459.0,11809.0,9350.0,2459.0,,,0.0,,,0.0
2024-06-11,0.0,0,2985.455,12,-2985.455,,,0.0,,,0.0,,2985.455,-2985.455
2024-06-13,588.4,1,752.8,1,-164.39999999999998,,,0.0,588.4,752.8,-164.39999999999998,,,0.0
2024-06-17,6975.0,2,8948.0,2,-1973.0,6975.0,8948.0,-1973.0,,,0.0,,,0.0
2024-06-20,696.75,1,711.2,1,-14.450000000000045,,,0.0,696.75,711.2,-14.450000000000045,,,0.0
2024-06-24,6339.0,2,7140.0,2,-801.0,6339.0,7140.0,-801.0,,,0.0,,,0.0
2024-06-26,502.48900000000003,2,0.0,0,502.48900000000003,,,0.0,,,0.0,502.48900000000003,,502.48900000000003
2024-06-27,544.45,1,467.55,1,76.90000000000003,,,0.0,544.45,467.55,76.90000000000003,,,0.0
2024-07-01,6505.0,2,10730.0,2,-4225.0,6505.0,10730.0,-4225.0,,,0.0,,,0.0
2024-07-04,762.65,1,745.65,1,17.0,,,0.0,762.65,745.65,17.0,,,0.0
2024-07-08,10333.0,2,11908.0,2,-1575.0,10333.0,11908.0,-1575.0,,,0.0,,,0.0
2024-07-11,670.35,1,659.15,1,11.200000000000045,,,0.0,670.35,659.15,11.200000000000045,,,0.0
2024-07-15,6639.0,2,7525.0,2,-886.0,6639.0,7525.0,-886.0,,,0.0,,,0.0
2024-07-18,573.4,1,609.8,1,-36.39999999999998,,,0.0,573.4,609.8,-36.39999999999998,,,0.0
2024-07-22,8919.0,2,7770.0,2,1149.0,8919.0,7770.0,1149.0,,,0.0,,,0.0
2024-07-24,456.767,2,0.0,0,456.767,,,0.0,,,0.0,456.767,,456.767
2024-07-25,660.7,1,576.05,1,84.65000000000009,,,0.0,660.7,576.05,84.65000000000009,,,0.0
2024-07-29,8089.0,2,7262.0,2,827.0,8089.0,7262.0,827.0,,,0.0,,,0.0
2024-08-02,553.95,1,677.2,1,-123.25,,,0.0,553.95,677.2,-123.25,,,0.0
2024-08-05,6382.0,2,10291.0,2,-3909.0,6382.0,10291.0,-3909.0,,,0.0,,,0.0
2024-08-08,534.25,1,1118.85,1,-584.5999999999999,,,0.0,534.25,1118.85,-584.5999999999999,,,0.0
2024-08-12,6051.0,2,6068.0,2,-17.0,6051.0,6068.0,-17.0,,,0.0,,,0.0
2024-08-15,588.7,1,688.0,1,-99.29999999999995,,,0.0,588.7,688.0,-99.29999999999995,,,0.0
2024-08-19,7367.0,2,9704.0,2,-2337.0,7367.0,9704.0,-2337.0,,,0.0,,,0.0
2024-08-22,781.25,1,775.15,1,6.100000000000023,,,0.0,781.25,775.15,6.100000000000023,,,0.0
2024-08-26,10292.0,2,7309.0,2,2983.0,10292.0,7309.0,2983.0,,,0.0,,,0.0
2024-08-29,755.8,1,521.15,1,234.64999999999998,,,0.0,755.8,521.15,234.64999999999998,,,0.0
2024-09-02,6485.0,2,5969.0,2,516.0,6485.0,5969.0,516.0,,,0.0,,,0.0
2024-09-05,835.3,1,516.45,1,318.8499999999999,,,0.0,835.3,516.45,318.8499999999999,,,0.0
2024-09-09,7275.0,2,5547.0,2,1728.0,7275.0,5547.0,1728.0,,,0.0,,,0.0
2024-09-12,650.0,1,588.4,1,61.60000000000002,,,0.0,650.0,588.4,61.60000000000002,,,0.0
2024-09-16,7337.0,2,8656.0,2,-1319.0,7337.0,8656.0,-1319.0,,,0.0,,,0.0
2024-09-19,650.0,1,696.75,1,-46.75,,,0.0,650.0,696.75,-46.75,,,0.0
2024-09-23,6902.0,2,9902.0,2,-3000.0,6902.0,9902.0,-3000.0,,,0.0,,,0.0
2024-09-25,369.54999999999995,2,0.0,0,369.54999999999995,,,0.0,,,0.0,369.54999999999995,,369.54999999999995
2024-09-26,632.15,1,692.6,1,-60.450000000000045,,,0.0,632.15,692.6,-60.450000000000045,,,0.0
2024-09-30,10346.0,2,6562.0,2,3784.0,10346.0,6562.0,3784.0,,,0.0,,,0.0
2024-10-03,575.3,1,762.65,1,-187.35000000000002,,,0.0,575.3,762.65,-187.35000000000002,,,0.0
2024-10-07,10412.0,2,7366.0,2,3046.0,10412.0,7366.0,3046.0,,,0.0,,,0.0
2024-10-10,536.5,1,670.35,1,-133.85000000000002,,,0.0,536.5,670.35,-133.85000000000002,,,0.0
2024-10-14,7172.0,2,7126.0,2,46.0,7172.0,7126.0,46.0,,,0.0,,,0.0
2024-10-17,609.75,1,573.4,1,36.35000000000002,,,0.0,609.75,573.4,36.35000000000002,,,0.0
2024-10-21,8744.0,2,8406.0,2,338.0,8744.0,8406.0,338.0,,,0.0,,,0.0
2024-10-23,547.4200000000001,3,0.0,0,547.4200000000001,,,0.0,,,0.0,547.4200000000001,,547.4200000000001
2024-10-24,706.45,1,660.7,1,45.75,,,0.0,706.45,660.7,45.75,,,0.0
2024-10-28,7447.0,2,10994.0,2,-3547.0,7447.0,10994.0,-3547.0,,,0.0,,,0.0
2024-10-31,661.4,1,553.95,1,107.44999999999993,,,0.0,661.4,553.95,107.44999999999993,,,0.0
2024-11-04,8832.0,2,10553.0,2,-1721.0,8832.0,10553.0,-1721.0,,,0.0,,,0.0
2024-11-07,700.75,1,625.35,1,75.39999999999998,,,0.0,700.75,625.35,75.39999999999998,,,0.0
2024-11-11,7140.0,2,7260.0,2,-120.0,7140.0,7260.0,-120.0,,,0.0,,,0.0
2024-11-14,655.35,1,588.7,1,66.64999999999998,,,0.0,655.35,588.7,66.64999999999998,,,0.0
2024-11-18,9806.0,2,9699.0,2,107.0,9806.0,9699.0,107.0,,,0.0,,,0.0
2024-11-21,683.45,1,781.25,1,-97.79999999999995,,,0.0,683.45,781.25,-97.79999999999995,,,0.0
2024-11-25,7954.0,2,7452.0,2,502.0,7954.0,7452.0,502.0,,,0.0,,,0.0
2024-11-27,477.56000000000006,3,0.0,0,477.56000000000006,,,0.0,,,0.0,477.56000000000006,,477.56000000000006
2024-11-28,581.3,1,755.8,1,-174.5,,,0.0,581.3,755.8,-174.5,,,0.0
2024-12-02,7912.0,2,8608.0,2,-696.0,7912.0,8608.0,-696.0,,,0.0,,,0.0
2024-12-05,555.4,1,835.3,1,-279.9,,,0.0,555.4,835.3,-279.9,,,0.0
2024-12-09,13425.0,2,7106.0,2,6319.0,13425.0,7106.0,6319.0,,,0.0,,,0.0
2024-12-12,708.95,1,650.0,1,58.950000000000045,,,0.0,708.95,650.0,58.950000000000045,,,0.0
2024-12-16,15021.0,2,9246.0,2,5775.0,15021.0,9246.0,5775.0,,,0.0,,,0.0
2024-12-19,512.7,1,650.0,1,-137.29999999999995,,,0.0,512.7,650.0,-137.29999999999995,,,0.0
2024-12-23,14488.0,2,7476.0,2,7012.0,14488.0,7476.0,7012.0,,,0.0,,,0.0
2024-12-27,857.55,3,964.15,1,-106.60000000000002,,,0.0,453.1,964.15,-511.04999999999995,404.45,,404.45
2024-12-30,10771.0,2,7329.0,2,3442.0,10771.0,7329.0,3442.0,,,0.0,,,0.0
2025-01-03,350.15,1,575.3,1,-225.14999999999998,,,0.0,350.15,575.3,-225.14999999999998,,,0.0
2025-01-06,12198.0,2,13900.0,2,-1702.0,12198.0,13900.0,-1702.0,,,0.0,,,0.0
2025-01-09,686.2,1,536.5,1,149.70000000000005,,,0.0,686.2,536.5,149.70000000000005,,,0.0
2025-01-13,7884.0,2,15397.0,2,-7513.0,7884.0,15397.0,-7513.0,,,0.0,,,0.0
2025-01-16,746.3,1,609.75,1,136.54999999999995,,,0.0,746.3,609.75,136.54999999999995,,,0.0
2025-01-20,11894.0,2,14765.0,2,-2871.0,11894.0,14765.0,-2871.0,,,0.0,,,0.0
2025-01-22,346.51,2,0.0,0,346.51,,,0.0,,,0.0,346.51,,346.51
2025-01-23,803.4,1,706.45,1,96.94999999999993,,,0.0,803.4,706.45,96.94999999999993,,,0.0
2025-01-27,7822.0,2,11187.0,2,-3365.0,7822.0,11187.0,-3365.0,,,0.0,,,0.0
2025-01-30,699.85,1,661.4,1,38.450000000000045,,,0.0,699.85,661.4,38.450000000000045,,,0.0
2025-02-03,13836.0,2,13160.0,2,676.0,13836.0,13160.0,676.0,,,0.0,,,0.0
2025-02-06,575.0,1,534.25,1,40.75,,,0.0,575.0,534.25,40.75,,,0.0
2025-02-10,11625.0,2,8716.0,2,2909.0,11625.0,8716.0,2909.0,,,0.0,,,0.0
2025-02-13,659.1,1,655.35,1,3.75,,,0.0,659.1,655.35,3.75,,,0.0
2025-02-17,8593.0,2,12854.0,2,-4261.0,8593.0,12854.0,-4261.0,,,0.0,,,0.0
2025-02-20,591.15,1,683.45,1,-92.30000000000007,,,0.0,591.15,683.45,-92.30000000000007,,,0.0
2025-02-24,10919.0,2,7722.0,2,3197.0,10919.0,7722.0,3197.0,,,0.0,,,0.0
2025-02-26,379.225,2,0.0,0,379.225,,,0.0,,,0.0,379.225,,379.225
2025-02-27,632.05,1,581.3,1,50.75,,,0.0,632.05,581.3,50.75,,,0.0
2025-03-03,11856.0,2,14216.0,2,-2360.0,11856.0,14216.0,-2360.0,,,0.0,,,0.0
2025-03-06,749.9,1,555.4,1,194.5,,,0.0,749.9,555.4,194.5,,,0.0
2025-03-10,11427.0,2,11484.0,2,-57.0,11427.0,11484.0,-57.0,,,0.0,,,0.0
2025-03-13,518.95,1,708.95,1,-190.0,,,0.0,518.95,708.95,-190.0,,,0.0
2025-03-17,13535.0,2,7835.0,2,5700.0,13535.0,7835.0,5700.0,,,0.0,,,0.0
2025-03-20,523.9,1,512.7,1,11.199999999999932,,,0.0,523.9,512.7,11.199999999999932,,,0.0
2025-03-24,14293.0,2,10055.0,2,4238.0,14293.0,10055.0,4238.0,,,0.0,,,0.0
2025-03-26,315.87,2,0.0,0,315.87,,,0.0,,,0.0,315.87,,315.87
2025-03-27,416.15,1,632.15,1,-216.0,,,0.0,416.15,632.15,-216.0,,,0.0
2025-03-31,13690.0,2,10618.0,2,3072.0,13690.0,10618.0,3072.0,,,0.0,,,0.0
2025-04-03,476.75,1,350.15,1,126.60000000000002,,,0.0,476.75,350.15,126.60000000000002,,,0.0
2025-04-07,10924.0,2,11093.0,2,-169.0,10924.0,11093.0,-169.0,,,0.0,,,0.0
2025-04-10,456.55,1,686.2,1,-229.65000000000003,,,0.0,456.55,686.2,-229.65000000000003,,,0.0
2025-04-14,8392.0,2,13519.0,2,-5127.0,8392.0,13519.0,-5127.0,,,0.0,,,0.0
2025-04-17,608.2,1,746.3,1,-138.0999999999999,,,0.0,608.2,746.3,-138.0999999999999,,,0.0
2025-04-22,12778.0,2,14915.0,2,-2137.0,12778.0,14915.0,-2137.0,,,0.0,,,0.0
2025-04-23,311.27,2,0.0,0,311.27,,,0.0,,,0.0,311.27,,311.27
2025-04-24,445.15,1,803.4,1,-358.25,,,0.0,445.15,803.4,-358.25,,,0.0
2025-04-28,13666.0,2,12670.0,2,996.0,13666.0,12670.0,996.0,,,0.0,,,0.0
2025-05-02,502.5,1,699.85,1,-197.35000000000002,,,0.0,502.5,699.85,-197.35000000000002,,,0.0
2025-05-05,11237.0,2,11322.0,2,-85.0,11237.0,11322.0,-85.0,,,0.0,,,0.0
2025-05-08,454.15,1,700.75,1,-246.60000000000002,,,0.0,454.15,700.75,-246.60000000000002,,,0.0
2025-05-12,11013.0,2,8425.0,2,2588.0,11013.0,8425.0,2588.0,,,0.0,,,0.0
2025-05-15,442.1,1,659.1,1,-217.0,,,0.0,442.1,659.1,-217.0,,,0.0
2025-05-19,12789.0,2,13496.0,2,-707.0,12789.0,13496.0,-707.0,,,0.0,,,0.0
2025-05-22,381.55,1,591.15,1,-209.59999999999997,,,0.0,381.55,591.15,-209.59999999999997,,,0.0
2025-05-26,10308.0,2,13842.0,2,-3534.0,10308.0,13842.0,-3534.0,,,0.0,,,0.0
2025-05-28,302.7,1,0.0,0,302.7,,,0.0,,,0.0,302.7,,302.7
2025-05-30,475.5,1,632.05,1,-156.54999999999995,,,0.0,475.5,632.05,-156.54999999999995,,,0.0
2025-06-02,10833.0,2,12158.0,2,-1325.0,10833.0,12158.0,-1325.0,,,0.0,,,0.0
2025-06-05,614.0,1,749.9,1,-135.89999999999998,,,0.0,614.0,749.9,-135.89999999999998,,,0.0
2025-06-10,11400.0,2,11093.0,2,307.0,11400.0,11093.0,307.0,,,0.0,,,0.0
2025-06-12,617.75,1,518.95,1,98.79999999999995,,,0.0,617.75,518.95,98.79999999999995,,,0.0
2025-06-16,13577.0,2,13227.0,2,350.0,13577.0,13227.0,350.0,,,0.0,,,0.0
2025-06-19,414.2,1,523.9,1,-109.69999999999999,,,0.0,414.2,523.9,-109.69999999999999,,,0.0
2025-06-23,10047.0,2,10306.0,2,-259.0,10047.0,10306.0,-259.0,,,0.0,,,0.0
2025-06-25,454.535,2,0.0,0,454.535,,,0.0,,,0.0,454.535,,454.535
2025-06-26,434.4,1,544.45,1,-110.05000000000007,,,0.0,434.4,544.45,-110.05000000000007,,,0.0
2025-06-30,11649.0,2,11051.0,2,598.0,11649.0,11051.0,598.0,,,0.0,,,0.0
2025-07-03,593.1,1,476.75,1,116.35000000000002,,,0.0,593.1,476.75,116.35000000000002,,,0.0
2025-07-07,8189.0,2,10737.0,2,-2548.0,8189.0,10737.0,-2548.0,,,0.0,,,0.0
2025-07-10,533.55,1,456.55,1,76.99999999999994,,,0.0,533.55,456.55,76.99999999999994,,,0.0
2025-07-14,5974.0,2,13740.0,2,-7766.0,5974.0,13740.0,-7766.0,,,0.0,,,0.0
2025-07-17,521.3,1,608.2,1,-86.90000000000009,,,0.0,521.3,608.2,-86.90000000000009,,,0.0
2025-07-21,8531.0,2,9747.0,2,-1216.0,8531.0,9747.0,-1216.0,,,0.0,,,0.0
2025-07-23,443.21000000000004,2,0.0,0,443.21000000000004,,,0.0,,,0.0,443.21000000000004,,443.21000000000004
2025-07-24,521.35,1,3605.795,12,-3084.445,,,0.0,521.35,445.15,76.20000000000005,,3160.645,-3160.645
2025-07-28,15145.0,2,11315.0,2,3830.0,15145.0,11315.0,3830.0,,,0.0,,,0.0
2025-07-31,551.0,1,502.5,1,48.5,,,0.0,551.0,502.5,48.5,,,0.0
2025-08-04,11685.0,2,8956.0,2,2729.0,11685.0,8956.0,2729.0,,,0.0,,,0.0
2025-08-07,507.25,1,575.0,1,-67.75,,,0.0,507.25,575.0,-67.75,,,0.0
2025-08-11,10467.0,2,5931.0,2,4536.0,10467.0,5931.0,4536.0,,,0.0,,,0.0
2025-08-14,529.9,1,442.1,1,87.79999999999995,,,0.0,529.9,442.1,87.79999999999995,,,0.0
2025-08-18,13969.0,2,9137.0,2,4832.0,13969.0,9137.0,4832.0,,,0.0,,,0.0
2025-08-21,425.25,1,381.55,1,43.69999999999999,,,0.0,425.25,381.55,43.69999999999999,,,0.0
2025-08-25,17101.0,2,15537.0,2,1564.0,17101.0,15537.0,1564.0,,,0.0,,,0.0
2025-08-28,344.85,1,475.5,1,-130.64999999999998,,,0.0,344.85,475.5,-130.64999999999998,,,0.0
2025-09-01,15562.0,2,12226.0,2,3336.0,15562.0,12226.0,3336.0,,,0.0,,,0.0
2025-09-04,725.45,1,614.0,1,111.45000000000005,,,0.0,725.45,614.0,111.45000000000005,,,0.0
2025-09-08,10953.0,2,11327.0,2,-374.0,10953.0,11327.0,-374.0,,,0.0,,,0.0
2025-09-11,536.25,1,617.75,1,-81.5,,,0.0,536.25,617.75,-81.5,,,0.0
2025-09-15,14293.0,2,14436.0,2,-143.0,14293.0,14436.0,-143.0,,,0.0,,,0.0
2025-09-18,439.8,1,414.2,1,25.600000000000023,,,0.0,439.8,414.2,25.600000000000023,,,0.0
2025-09-22,16326.0,2,16801.0,2,-475.0,16326.0,16801.0,-475.0,,,0.0,,,0.0
2025-09-24,356.805,2,0.0,0,356.805,,,0.0,,,0.0,356.805,,356.805
2025-09-25,296.4,1,416.15,1,-119.75,,,0.0,296.4,416.15,-119.75,,,0.0
2025-09-29,16162.0,2,16086.0,2,76.0,16162.0,16086.0,76.0,,,0.0,,,0.0
2025-10-02,549.5,1,593.1,1,-43.60000000000002,,,0.0,549.5,593.1,-43.60000000000002,,,0.0
2025-10-06,14759.0,2,10675.0,2,4084.0,14759.0,10675.0,4084.0,,,0.0,,,0.0
2025-10-09,544.3,1,533.55,1,10.75,,,0.0,544.3,533.55,10.75,,,0.0
2025-10-13,15917.0,2,14462.0,2,1455.0,15917.0,14462.0,1455.0,,,0.0,,,0.0
2025-10-16,508.35,1,521.3,1,-12.949999999999932,,,0.0,508.35,521.3,-12.949999999999932,,,0.0
2025-10-20,18001.0,2,15579.0,2,2422.0,18001.0,15579.0,2422.0,,,0.0,,,0.0
2025-10-22,340.89,2,0.0,0,340.89,,,0.0,,,0.0,340.89,,340.89
2025-10-23,510.4,1,521.35,1,-10.950000000000045,,,0.0,510.4,521.35,-10.950000000000045,,,0.0
2025-10-27,15693.0,3,14993.0,2,700.0,15693.0,14993.0,700.0,,,0.0,,,0.0
2025-10-30,654.45,1,551.0,1,103.45000000000005,,,0.0,654.45,551.0,103.45000000000005,,,0.0
2025-11-03,18772.0,3,13865.0,3,4907.0,18772.0,13865.0,4907.0,,,0.0,,,0.0
2025-11-06,466.75,1,454.15,1,12.600000000000023,,,0.0,466.75,454.15,12.600000000000023,,,0.0
2025-11-10,16150.0,2,16000.0,3,150.0,16150.0,16000.0,150.0,,,0.0,,,0.0
2025-11-13,584.15,1,529.9,1,54.25,,,0.0,584.15,529.9,54.25,,,0.0
2025-11-17,15540.0,2,12340.0,2,3200.0,15540.0,12340.0,3200.0,,,0.0,,,0.0
2025-11-20,567.85,1,425.25,1,142.60000000000002,,,0.0,567.85,425.25,142.60000000000002,,,0.0
2025-11-24,13835.0,2,14054.0,2,-219.0,13835.0,14054.0,-219.0,,,0.0,,,0.0
2025-11-26,378.721,2,0.0,0,378.721,,,0.0,,,0.0,378.721,,378.721
2025-11-27,333.25,1,344.85,1,-11.600000000000023,,,0.0,333.25,344.85,-11.600000000000023,,,0.0
2025-12-01,15452.0,2,9100.0,2,6352.0,15452.0,9100.0,6352.0,,,0.0,,,0.0
2025-12-04,522.85,1,725.45,1,-202.60000000000002,,,0.0,522.85,725.45,-202.60000000000002,,,0.0
2025-12-08,12718.0,2,16075.0,2,-3357.0,12718.0,16075.0,-3357.0,,,0.0,,,0.0
2025-12-11,503.05,1,536.25,1,-33.19999999999999,,,0.0,503.05,536.25,-33.19999999999999,,,0.0
2025-12-15,13247.0,2,8409.0,2,4838.0,13247.0,8409.0,4838.0,,,0.0,,,0.0
2025-12-18,680.15,1,439.8,1,240.34999999999997,,,0.0,680.15,439.8,240.34999999999997,,,0.0
2025-12-22,16386.0,2,11105.0,2,5281.0,16386.0,11105.0,5281.0,,,0.0,,,0.0
2025-12-24,195.25,1,0.0,0,195.25,,,0.0,,,0.0,195.25,,195.25
2025-12-29,9551.85,3,8142.1,3,1409.75,8847.0,7689.0,1158.0,704.85,453.1,251.75,,,0.0
2026-01-05,3263.5,3,13240.5,3,-9977.0,2526.0,12691.0,-10165.0,737.5,549.5,188.0,,,0.0
2026-01-08,948.65,1,544.3,1,404.35,,,0.0,948.65,544.3,404.35,,,0.0
2026-01-12,15737.0,2,19342.0,2,-3605.0,15737.0,19342.0,-3605.0,,,0.0,,,0.0
2026-01-15,764.75,1,508.35,1,256.4,,,0.0,764.75,508.35,256.4,,,0.0
2026-01-19,14276.0,2,16451.0,2,-2175.0,14276.0,16451.0,-2175.0,,,0.0,,,0.0
2026-01-22,987.25,1,510.4,1,476.85,,,0.0,987.25,510.4,476.85,,,0.0
2026-01-26,17366.0,2,18032.0,2,-666.0,17366.0,18032.0,-666.0,,,0.0,,,0.0
2026-01-28,252.95999999999998,2,0.0,0,252.95999999999998,,,0.0,,,0.0,252.95999999999998,,252.95999999999998
2026-01-29,1002.9,1,654.45,1,348.44999999999993,,,0.0,1002.9,654.45,348.44999999999993,,,0.0
2026-02-02,12603.0,2,4102.0,2,8501.0,12603.0,4102.0,8501.0,,,0.0,,,0.0
2026-02-05,892.95,1,507.25,1,385.70000000000005,,,0.0,892.95,507.25,385.70000000000005,,,0.0
2026-02-09,17688.0,2,22186.0,2,-4498.0,17688.0,22186.0,-4498.0,,,0.0,,,0.0
2026-02-12,848.75,1,584.15,1,264.6,,,0.0,848.75,584.15,264.6,,,0.0
2026-02-16,15534.0,2,13767.0,2,1767.0,15534.0,13767.0,1767.0,,,0.0,,,0.0
2026-02-19,788.85,1,567.85,1,221.0,,,0.0,788.85,567.85,221.0,,,0.0
2026-02-23,18847.0,2,24344.0,2,-5497.0,18847.0,24344.0,-5497.0,,,0.0,,,0.0
2026-02-25,372.14,2,0.0,0,372.14,,,0.0,,,0.0,372.14,,372.14
2026-02-26,729.25,1,333.25,1,396.0,,,0.0,729.25,333.25,396.0,,,0.0
2026-03-02,10911.0,2,13688.0,2,-2777.0,10911.0,13688.0,-2777.0,,,0.0,,,0.0
2026-03-05,550.0,1,522.85,1,27.149999999999977,,,0.0,550.0,522.85,27.149999999999977,,,0.0
2026-03-09,0.0,0,17192.0,2,-17192.0,,17192.0,-17192.0,,,0.0,,,0.0
2026-03-12,653.05,1,503.05,1,149.99999999999994,,,0.0,653.05,503.05,149.99999999999994,,,0.0
2026-03-16,0.0,0,16719.0,2,-16719.0,,16719.0,-16719.0,,,0.0,,,0.0
2026-03-19,433.65,1,680.15,1,-246.5,,,0.0,433.65,680.15,-246.5,,,0.0
2026-03-23,0.0,0,18514.0,2,-18514.0,,18514.0,-18514.0,,,0.0,,,0.0
2026-03-25,438.44,2,0.0,0,438.44,,,0.0,,,0.0,438.44,,438.44
2026-03-26,488.85,1,296.4,1,192.45000000000005,,,0.0,488.85,296.4,192.45000000000005,,,0.0
2026-03-30,0.0,0,11226.0,2,-11226.0,,11226.0,-11226.0,,,0.0,,,0.0
2026-04-02,563.7,1,737.5,1,-173.79999999999995,,,0.0,563.7,737.5,-173.79999999999995,,,0.0
2026-04-07,0.0,0,1659.0,1,-1659.0,,1659.0,-1659.0,,,0.0,,,0.0
2026-04-09,526.55,1,948.65,1,-422.1,,,0.0,526.55,948.65,-422.1,,,0.0
2026-04-13,0.0,0,2512.0,1,-2512.0,,2512.0,-2512.0,,,0.0,,,0.0
2026-04-16,0.0,0,764.75,1,-764.75,,,0.0,,764.75,-764.75,,,0.0
2026-04-20,0.0,0,1970.0,1,-1970.0,,1970.0,-1970.0,,,0.0,,,0.0
2026-04-22,489.40000000000003,2,0.0,0,489.40000000000003,,,0.0,,,0.0,489.40000000000003,,489.40000000000003
2026-04-23,0.0,0,987.25,1,-987.25,,,0.0,,987.25,-987.25,,,0.0
2026-04-27,0.0,0,450.0,1,-450.0,,450.0,-450.0,,,0.0,,,0.0
2026-04-30,0.0,0,1002.9,1,-1002.9,,,0.0,,1002.9,-1002.9,,,0.0
2026-05-04,0.0,0,806.0,1,-806.0,,806.0,-806.0,,,0.0,,,0.0
2026-05-07,0.0,0,466.75,1,-466.75,,,0.0,,466.75,-466.75,,,0.0
2026-05-11,0.0,0,2855.0,1,-2855.0,,2855.0,-2855.0,,,0.0,,,0.0
2026-05-15,0.0,0,848.75,1,-848.75,,,0.0,,848.75,-848.75,,,0.0
2026-05-18,0.0,0,1663.0,1,-1663.0,,1663.0,-1663.0,,,0.0,,,0.0
2026-05-21,0.0,0,788.85,1,-788.85,,,0.0,,788.85,-788.85,,,0.0
2026-05-26,0.0,0,521.0,1,-521.0,,521.0,-521.0,,,0.0,,,0.0
2026-05-28,0.0,0,3932.73,17,-3932.73,,,0.0,,729.25,-729.25,,3203.48,-3203.48
2026-06-04,0.0,0,550.0,1,-550.0,,,0.0,,550.0,-550.0,,,0.0
2026-06-08,0.0,0,485.0,1,-485.0,,485.0,-485.0,,,0.0,,,0.0
2026-06-11,0.0,0,653.05,1,-653.05,,,0.0,,653.05,-653.05,,,0.0
2026-06-18,0.0,0,433.65,1,-433.65,,,0.0,,433.65,-433.65,,,0.0
2026-06-22,0.0,0,215.0,1,-215.0,,215.0,-215.0,,,0.0,,,0.0
2026-06-25,0.0,0,434.4,1,-434.4,,,0.0,,434.4,-434.4,,,0.0
2026-07-02,0.0,0,563.7,1,-563.7,,,0.0,,563.7,-563.7,,,0.0
2026-07-06,0.0,0,735.0,1,-735.0,,735.0,-735.0,,,0.0,,,0.0
2026-07-09,0.0,0,526.55,1,-526.55,,,0.0,,526.55,-526.55,,,0.0
2026-07-20,0.0,0,100.0,1,-100.0,,100.0,-100.0,,,0.0,,,0.0
2026-08-03,0.0,0,315.0,1,-315.0,,315.0,-315.0,,,0.0,,,0.0
2026-08-06,0.0,0,892.95,1,-892.95,,,0.0,,892.95,-892.95,,,0.0
2026-08-17,0.0,0,260.0,1,-260.0,,260.0,-260.0,,,0.0,,,0.0
2026-09-14,0.0,0,170.0,1,-170.0,,170.0,-170.0,,,0.0,,,0.0
2026-09-24,0.0,0,488.85,1,-488.85,,,0.0,,488.85,-488.85,,,0.0
2026-10-12,0.0,0,300.0,1,-300.0,,300.0,-300.0,,,0.0,,,0.0
2026-11-09,0.0,0,80.0,1,-80.0,,80.0,-80.0,,,0.0,,,0.0
2026-12-07,0.0,0,300.0,1,-300.0,,300.0,-300.0,,,0.0,,,0.0
2026-12-24,0.0,0,704.85,1,-704.85,,,0.0,,704.85,-704.85,,,0.0
2027-01-04,0.0,0,500.0,1,-500.0,,500.0,-500.0,,,0.0,,,0.0
2027-02-01,0.0,0,45.0,1,-45.0,,45.0,-45.0,,,0.0,,,0.0
2027-06-27,0.0,0,2067.525,10,-2067.525,,,0.0,,,0.0,,2067.525,-2067.525
2029-03-21,0.0,0,67.1,1,-67.1,,,0.0,,67.1,-67.1,,,0.0
2029-06-22,0.0,0,4392.375,18,-4392.375,,,0.0,,,0.0,,4392.375,-4392.375
2030-05-27,0.0,0,3920.2870000000003,21,-3920.2870000000003,,,0.0,,,0.0,,3920.2870000000003,-3920.2870000000003
2031-06-22,0.0,0,3224.465,12,-3224.465,,,0.0,,,0.0,,3224.465,-3224.465
2032-06-27,0.0,0,3710.58,20,-3710.58,,,0.0,,,0.0,,3710.58,-3710.58
2033-04-08,0.0,0,1050.94,2,-1050.94,,,0.0,,,0.0,,1050.94,-1050.94
2033-08-04,0.0,0,147.9,1,-147.9,,,0.0,,,0.0,,147.9,-147.9
2034-06-26,0.0,0,3607.433,14,-3607.433,,,0.0,,,0.0,,3607.433,-3607.433
2035-05-23,0.0,0,126.66,1,-126.66,,,0.0,,,0.0,,126.66,-126.66
2035-06-23,0.0,0,2806.515,10,-2806.515,,,0.0,,,0.0,,2806.515,-2806.515
2036-03-08,0.0,0,2036.435,6,-2036.435,,,0.0,,,0.0,,2036.435,-2036.435
2037-06-27,0.0,0,3823.554,15,-3823.554,,,0.0,,,0.0,,3823.554,-3823.554
2038-10-26,0.0,0,2377.9,7,-2377.9,,,0.0,,,0.0,,2377.9,-2377.9
2039-07-24,0.0,0,2998.675,13,-2998.675,,,0.0,,,0.0,,2998.675,-2998.675
2040-05-28,0.0,0,658.655,3,-658.655,,,0.0,,,0.0,,658.655,-658.655
2042-04-30,0.0,0,3984.1349999999998,10,-3984.1349999999998,,,0.0,,,0.0,,3984.1349999999998,-3984.1349999999998
2043-06-28,0.0,0,2302.7650000000003,8,-2302.7650000000003,,,0.0,,,0.0,,2302.7650000000003,-2302.7650000000003
2045-06-28,0.0,0,3519.7,17,-3519.7,,,0.0,,,0.0,,3519.7,-3519.7
2047-05-22,0.0,0,1303.201,6,-1303.201,,,0.0,,,0.0,,1303.201,-1303.201
2049-01-06,0.0,0,1636.3799999999999,10,-1636.3799999999999,,,0.0,,,0.0,,1636.3799999999999,-1636.3799999999999
2055-05-24,0.0,0,2553.77,14,-2553.77,,,0.0,,,0.0,,2553.77,-2553.77
2058-05-30,0.0,0,2500.19,13,-2500.19,,,0.0,,,0.0,,2500.19,-2500.19
2064-06-25,0.0,0,2379.555,8,-2379.555,,,0.0,,,0.0,,2379.555,-2379.555
