auction_date,isin,denomination_chf,issuance_type,term_days,payment_date,redemption_date,auction_type,marginal_price_pct,yield_pct,bids_chf_mn,allotment_chf_mn,allot_issuer_chf_mn,outstanding_chf_mn,term_bucket
2026-04-09,CH1478192631,1000000,N,28,2026-04-13,2026-05-11,"VR, A",100.0054,-0.069,,,,,28d
2026-04-09,CH1478192649,1000000,N,168,2026-04-13,2026-09-28,"VR, A",100.019,-0.041,,,,,168d
2026-04-02,CH1478192615,1000000,N,27,2026-04-07,2026-05-04,"VR, A",100.0051,-0.068,,,,,28d
2026-04-02,CH1478192623,1000000,N,83,2026-04-07,2026-06-29,"VR, A",100.012,-0.052,,,,,84d
2026-03-26,CH1478192599,1000000,N,28,2026-03-30,2026-04-27,"VR, A",100.0052,-0.067,,,,,28d
2026-03-26,CH1478192607,1000000,N,336,2026-03-30,2027-03-01,"VR, A",99.902,0.105,,,,,336d
2026-03-19,CH1478192573,1000000,N,28,2026-03-23,2026-04-20,"VR, A",100.0051,-0.066,,,,,28d
2026-03-19,CH1478192581,1000000,N,84,2026-03-23,2026-06-15,"VR, A",100.015,-0.064,,,,,84d
2026-03-12,CH1478192557,1000000,N,28,2026-03-16,2026-04-13,"VR, A",100.0052,-0.067,,,,,28d
2026-03-12,CH1478192565,1000000,N,168,2026-03-16,2026-08-31,"VR, A",100.021,-0.045,,,,,168d
2026-03-05,CH1478192532,1000000,N,29,2026-03-09,2026-04-07,"VR, A",100.0052,-0.065,,,,,28d
2026-03-05,CH1478192540,1000000,N,84,2026-03-09,2026-06-01,"VR, A",100.016,-0.069,,,,,84d
2026-02-26,CH1478192516,1000000,N,28,2026-03-02,2026-03-30,"VR, A",100.0049,-0.063,12176.0,10866.0,0.0,10866.0,28d
2026-02-26,CH1478192524,1000000,N,336,2026-03-02,2027-02-01,"VR, A",100.089,-0.095,295.0,45.0,0.0,45.0,336d
2026-02-19,CH1478192508,1000000,N,84,2026-02-23,2026-05-18,"VR, A",100.015,-0.064,4173.0,1663.0,0.0,1663.0,84d
2026-02-19,CH1478192490,1000000,N,28,2026-02-23,2026-03-23,"VR, A",100.0046,-0.059,17394.0,17184.0,2.0,17186.0,28d
2026-02-12,CH1478192474,1000000,N,28,2026-02-16,2026-03-16,"VR, A",100.0048,-0.062,16519.0,15219.0,0.0,15219.0,28d
2026-02-12,CH1478192482,1000000,N,168,2026-02-16,2026-08-03,"VR, A",100.043,-0.092,1964.0,315.0,10000.0,10315.0,168d
2026-02-05,CH1478192458,1000000,N,28,2026-02-09,2026-03-09,"VR, A",100.0047,-0.06,17787.0,16882.0,0.0,16882.0,28d
2026-02-05,CH1478192466,1000000,N,84,2026-02-09,2026-05-04,"VR, A",100.015,-0.064,4606.0,806.0,0.0,806.0,84d
2026-01-29,CH1478192433,1000000,N,28,2026-02-02,2026-03-02,"VR, A",100.0052,-0.067,16693.0,12103.0,0.0,12103.0,28d
2026-01-29,CH1478192441,1000000,N,336,2026-02-02,2027-01-04,"VR, A",100.087,-0.093,2850.0,500.0,5000.0,5500.0,336d
2026-01-22,CH1478192417,1000000,N,28,2026-01-26,2026-02-23,"VR, A",100.0047,-0.06,15886.0,15396.0,5000.0,20396.0,28d
2026-01-22,CH1478192425,1000000,N,84,2026-01-26,2026-04-20,"VR, A",100.013,-0.056,2800.0,1970.0,0.0,1970.0,84d
2026-01-15,CH1478192391,1000000,N,28,2026-01-19,2026-02-16,"VR, A",100.005,-0.064,16908.0,13541.0,0.0,13541.0,28d
2026-01-15,CH1478192409,1000000,N,168,2026-01-19,2026-07-06,"VR, A",100.03,-0.064,2145.0,735.0,10000.0,10735.0,168d
2026-01-08,CH1478192383,1000000,N,85,2026-01-12,2026-04-07,"VR, A",100.012,-0.051,1879.0,1659.0,0.0,1659.0,84d
2026-01-08,CH1478192375,1000000,N,28,2026-01-12,2026-02-09,"VR, A",100.0046,-0.059,14803.0,14078.0,0.0,14078.0,28d
2025-12-31,CH1478192359,1000000,N,28,2026-01-05,2026-02-02,"VR, A",100.007,-0.09,3011.0,2226.0,0.0,2226.0,28d
2025-12-31,CH1478192367,1000000,N,336,2026-01-05,2026-12-07,"VR, A",100.025,-0.027,500.0,300.0,5000.0,5300.0,336d
2025-12-24,CH1478192334,1000000,N,28,2025-12-29,2026-01-26,"VR, A",100.0078,-0.1,10890.0,7517.0,0.0,7517.0,28d
2025-12-24,CH1478192342,1000000,N,84,2025-12-29,2026-03-23,"VR, A",100.016,-0.069,1430.0,1330.0,0.0,1330.0,84d
2025-12-18,CH1310847319,1000000,N,28,2025-12-22,2026-01-19,"VR, A",100.0062,-0.08,18896.0,15901.0,0.0,15901.0,28d
2025-12-18,CH1478192326,1000000,N,168,2025-12-22,2026-06-08,"VR, A",100.028,-0.06,670.0,485.0,10000.0,10485.0,168d
2025-12-11,CH1310847293,1000000,N,28,2025-12-15,2026-01-12,"VR, A",100.0058,-0.075,18936.0,12937.0,0.0,12937.0,28d
2025-12-11,CH1310847301,1000000,N,84,2025-12-15,2026-03-09,"VR, A",100.016,-0.069,638.0,310.0,0.0,310.0,84d
2025-12-04,CH1310847277,1000000,N,28,2025-12-08,2026-01-05,"VR, A",100.0054,-0.069,15788.0,12638.0,0.0,12638.0,28d
2025-12-04,CH1310847285,1000000,N,336,2025-12-08,2026-11-09,"VR, A",100.075,-0.08,130.0,80.0,5000.0,5080.0,336d
2025-11-27,CH1310847269,1000000,N,84,2025-12-01,2026-02-23,"VR, A",100.016,-0.069,9613.0,8948.0,0.0,8948.0,84d
2025-11-27,CH1310847251,1000000,N,28,2025-12-01,2025-12-29,"VR, A",100.0046,-0.059,7302.0,6504.0,0.0,6504.0,28d
2025-11-20,CH1310847236,1000000,N,28,2025-11-24,2025-12-22,"VR, A",100.0044,-0.057,11110.0,10980.0,0.0,10980.0,28d
2025-11-20,CH1310847244,1000000,N,168,2025-11-24,2026-05-11,"VR, A",100.03,-0.064,4815.0,2855.0,10000.0,12855.0,168d
2025-11-13,CH1310847210,1000000,N,28,2025-11-17,2025-12-15,"VR, A",100.0044,-0.057,8122.0,7432.0,0.0,7432.0,28d
2025-11-13,CH1310847228,1000000,N,84,2025-11-17,2026-02-09,"VR, A",100.016,-0.069,10373.0,8108.0,0.0,8108.0,84d
2025-11-06,CH1310847194,1000000,N,28,2025-11-10,2025-12-08,"VR, A",100.0046,-0.059,18230.0,15850.0,10000.0,25850.0,28d
2025-11-06,CH1310847202,1000000,N,336,2025-11-10,2026-10-12,"VR, A",100.107,-0.115,340.0,300.0,5000.0,5300.0,336d
2025-10-30,CH1310847186,1000000,N,7,2025-11-03,2025-11-10,"VR, A",100.0,0.0,43.0,43.0,0.0,43.0,7d
2025-10-30,CH1310847160,1000000,N,28,2025-11-03,2025-12-01,"VR, A",100.0045,-0.058,8304.0,8214.0,0.0,8214.0,28d
2025-10-30,CH1310847178,1000000,N,84,2025-11-03,2026-01-26,"VR, A",100.015,-0.064,11280.0,10515.0,0.0,10515.0,84d
2025-10-23,CH1310847145,1000000,N,168,2025-10-27,2026-04-13,"VR, A",100.037,-0.079,4387.0,2512.0,10000.0,12512.0,168d
2025-10-23,CH1310847137,1000000,N,28,2025-10-27,2025-11-24,"VR, A",100.0044,-0.057,15120.0,13100.0,0.0,13100.0,28d
2025-10-23,CH1310847152,1000000,N,7,2025-10-27,2025-11-03,"VR, A",100.0,0.0,81.0,81.0,0.0,81.0,7d
2025-10-16,CH1310847129,1000000,N,84,2025-10-20,2026-01-12,"VR, A",100.014,-0.06,8110.0,6405.0,0.0,6405.0,84d
2025-10-16,CH1310847103,1000000,N,28,2025-10-20,2025-11-17,"VR, A",100.0041,-0.053,11736.0,11596.0,0.0,11596.0,28d
2025-10-09,CH1310847087,1000000,N,28,2025-10-13,2025-11-10,"VR, A",100.0042,-0.054,16332.0,15747.0,0.0,15747.0,28d
2025-10-09,CH1310847095,1000000,N,336,2025-10-13,2026-09-14,"VR, A",100.079,-0.085,280.0,170.0,5000.0,5170.0,336d
2025-10-02,CH1310847061,1000000,N,28,2025-10-06,2025-11-03,"VR, A",100.0042,-0.054,15124.0,13574.0,0.0,13574.0,28d
2025-10-02,CH1310847079,1000000,N,84,2025-10-06,2025-12-29,"VR, A",100.012,-0.051,1485.0,1185.0,0.0,1185.0,84d
2025-09-25,CH1310847046,1000000,N,28,2025-09-29,2025-10-27,"VR, A",100.0041,-0.053,15137.0,14662.0,0.0,14662.0,28d
2025-09-25,CH1310847053,1000000,N,168,2025-09-29,2026-03-16,"VR, A",100.027,-0.058,2150.0,1500.0,10000.0,11500.0,168d
2025-09-18,CH1310847020,1000000,N,28,2025-09-22,2025-10-20,"VR, A",100.0045,-0.058,15584.0,15349.0,0.0,15349.0,28d
2025-09-18,CH1310847038,1000000,N,84,2025-09-22,2025-12-15,"VR, A",100.013,-0.056,1027.0,977.0,0.0,977.0,84d
2025-09-11,CH1310847012,1000000,N,336,2025-09-15,2026-08-17,"VR, A",100.089,-0.095,280.0,260.0,5000.0,5260.0,336d
2025-09-11,CH1310847004,1000000,N,28,2025-09-15,2025-10-13,"VR, A",100.0048,-0.062,15181.0,14033.0,0.0,14033.0,28d
2025-09-04,CH1310846998,1000000,N,84,2025-09-08,2025-12-01,"VR, A",100.016,-0.069,948.0,886.0,0.0,886.0,84d
2025-09-04,CH1310846980,1000000,N,28,2025-09-08,2025-10-06,"VR, A",100.0048,-0.062,13937.0,10067.0,0.0,10067.0,28d
2025-08-28,CH1310846964,1000000,N,28,2025-09-01,2025-09-29,"VR, A",100.0044,-0.057,15469.0,15336.0,0.0,15336.0,28d
2025-08-28,CH1310846972,1000000,N,168,2025-09-01,2026-02-16,"VR, A",100.037,-0.079,286.0,226.0,10000.0,10226.0,168d
2025-08-21,CH1310846949,1000000,N,28,2025-08-25,2025-09-22,"VR, A",100.0047,-0.06,16493.0,16357.0,0.0,16357.0,28d
2025-08-21,CH1310846956,1000000,N,84,2025-08-25,2025-11-17,"VR, A",100.018,-0.077,829.0,744.0,0.0,744.0,84d
2025-08-14,CH1310846923,1000000,N,28,2025-08-18,2025-09-15,"VR, A",100.0051,-0.066,16369.0,13869.0,0.0,13869.0,28d
2025-08-14,CH1310846931,1000000,N,336,2025-08-18,2026-07-20,"VR, A",100.15,-0.16,300.0,100.0,5000.0,5100.0,336d
2025-08-07,CH1310846907,1000000,N,28,2025-08-11,2025-09-08,"VR, A",100.0051,-0.066,17097.0,10257.0,0.0,10257.0,28d
2025-08-07,CH1310846915,1000000,N,84,2025-08-11,2025-11-03,"VR, A",100.021,-0.09,1240.0,210.0,0.0,210.0,84d
2025-07-31,CH1310846899,1000000,N,168,2025-08-04,2026-01-19,"VR, A",100.043,-0.092,711.0,550.0,10000.0,10550.0,168d
2025-07-31,CH1310846881,1000000,N,28,2025-08-04,2025-09-01,"VR, A",100.0048,-0.062,14605.0,11135.0,0.0,11135.0,28d
2025-07-24,CH1310846865,1000000,N,28,2025-07-28,2025-08-25,"VR, A",100.0047,-0.06,18280.0,14915.0,0.0,14915.0,28d
2025-07-24,CH1310846873,1000000,N,84,2025-07-28,2025-10-20,"VR, A",100.017,-0.073,1140.0,230.0,20000.0,20230.0,84d
2025-07-17,CH1310846840,1000000,N,28,2025-07-21,2025-08-18,"VR, A",100.0047,-0.06,14436.0,8316.0,20000.0,28316.0,28d
2025-07-17,CH1310846857,1000000,N,336,2025-07-21,2026-06-22,"VR, A",100.131,-0.14,1097.0,215.0,5000.0,5215.0,336d
2025-07-10,CH1310846824,1000000,N,28,2025-07-14,2025-08-11,"VR, A",100.0043,-0.055,5436.0,5366.0,0.0,5366.0,28d
2025-07-10,CH1310846832,1000000,N,84,2025-07-14,2025-10-06,"VR, A",100.017,-0.073,988.0,608.0,0.0,608.0,84d
2025-07-03,CH1310846808,1000000,N,28,2025-07-07,2025-08-04,"VR, A",100.0047,-0.06,12623.0,8064.0,0.0,8064.0,28d
2025-07-03,CH1310846816,1000000,N,168,2025-07-07,2025-12-22,"VR, A",100.047,-0.101,1280.0,125.0,10000.0,10125.0,168d
2025-06-26,CH1310846782,1000000,N,28,2025-06-30,2025-07-28,"VR, A",100.0054,-0.069,16789.0,11205.0,25000.0,36205.0,28d
2025-06-26,CH1310846790,1000000,N,84,2025-06-30,2025-09-22,"VR, A",100.016,-0.069,594.0,444.0,0.0,444.0,84d
2025-06-19,CH1310846774,1000000,N,337,2025-06-23,2026-05-26,"VR, A",100.16,-0.171,1221.0,521.0,5000.0,5521.0,336d
2025-06-19,CH1310846766,1000000,N,28,2025-06-23,2025-07-21,"VR, A",100.005,-0.064,16946.0,9526.0,0.0,9526.0,28d
2025-06-12,CH1310846741,1000000,N,28,2025-06-16,2025-07-14,"VR, A",100.0047,-0.06,15911.0,12507.0,0.0,12507.0,28d
2025-06-12,CH1310846758,1000000,N,84,2025-06-16,2025-09-08,"VR, A",100.028,-0.12,1841.0,1070.0,0.0,1070.0,84d
2025-06-05,CH1310846725,1000000,N,27,2025-06-10,2025-07-07,"VR, A",99.9996,0.005,12537.0,10446.0,10000.0,20446.0,28d
2025-06-05,CH1310846733,1000000,N,167,2025-06-10,2025-11-24,"VR, A",100.083,-0.179,2544.0,954.0,10000.0,10954.0,168d
2025-05-28,CH1310846709,1000000,N,28,2025-06-02,2025-06-30,"VR, A",99.9926,0.095,13346.0,10211.0,10000.0,20211.0,28d
2025-05-28,CH1310846717,1000000,N,84,2025-06-02,2025-08-25,"VR, A",100.01,-0.043,1212.0,622.0,0.0,622.0,84d
2025-05-22,CH1310846683,1000000,N,28,2025-05-26,2025-06-23,"VR, A",99.9889,0.143,13663.0,9858.0,0.0,9858.0,28d
2025-05-22,CH1310846691,1000000,N,336,2025-05-26,2026-04-27,"VR, A",100.173,-0.185,1675.0,450.0,5000.0,5450.0,336d
2025-05-15,CH1310846667,1000000,N,28,2025-05-19,2025-06-16,"VR, A",99.9868,0.17,15393.0,12224.0,10000.0,22224.0,28d
2025-05-15,CH1310846675,1000000,N,84,2025-05-19,2025-08-11,"VR, A",100.0,0.0,1890.0,565.0,0.0,565.0,84d
2025-05-08,CH1310846659,1000000,N,168,2025-05-12,2025-10-27,"VR, A",100.051,-0.109,1409.0,331.0,10000.0,10331.0,168d
2025-05-08,CH1310846642,1000000,N,29,2025-05-12,2025-06-10,"VR, A",99.9876,0.154,17507.0,10682.0,0.0,10682.0,28d
2025-04-30,CH1310846634,1000000,N,84,2025-05-05,2025-07-28,"VR, A",99.99,0.043,210.0,110.0,0.0,110.0,84d
2025-04-30,CH1310846626,1000000,N,28,2025-05-05,2025-06-02,"VR, A",99.9879,0.156,15054.0,11127.0,5000.0,16127.0,28d
2025-04-24,CH1310846600,1000000,N,28,2025-04-28,2025-05-26,"VR, A",99.9876,0.159,13911.0,13306.0,10000.0,23306.0,28d
2025-04-24,CH1310846618,1000000,N,336,2025-04-28,2026-03-30,"VR, A",100.047,-0.05,1480.0,360.0,5000.0,5360.0,336d
2025-04-17,CH1310846584,1000000,N,27,2025-04-22,2025-05-19,"VR, A",99.9888,0.149,13621.0,11545.0,0.0,11545.0,28d
2025-04-17,CH1310846592,1000000,N,83,2025-04-22,2025-07-14,"VR, A",99.99,0.043,1903.0,1233.0,0.0,1233.0,84d
2025-04-10,CH1310846568,1000000,N,28,2025-04-14,2025-05-12,"VR, A",99.9881,0.153,8081.0,7642.0,0.0,7642.0,28d
2025-04-10,CH1310846576,1000000,N,168,2025-04-14,2025-09-29,"VR, A",99.983,0.036,1018.0,750.0,10000.0,10750.0,168d
2025-04-03,CH1310846543,1000000,N,28,2025-04-07,2025-05-05,"VR, A",99.9868,0.17,10309.0,10084.0,20000.0,30084.0,28d
2025-04-03,CH1310846550,1000000,N,84,2025-04-07,2025-06-30,"VR, A",99.963,0.159,913.0,840.0,0.0,840.0,84d
2025-03-27,CH1310846527,1000000,N,28,2025-03-31,2025-04-28,"VR, A",99.9869,0.168,13655.0,12105.0,0.0,12105.0,28d
2025-03-27,CH1310846535,1000000,N,336,2025-03-31,2026-03-02,"VR, A",99.897,0.11,2213.0,1585.0,5000.0,6585.0,336d
2025-03-20,CH1310846519,1000000,N,84,2025-03-24,2025-06-16,"VR, A",99.962,0.163,1421.0,1003.0,0.0,1003.0,84d
2025-03-20,CH1310846501,1000000,N,29,2025-03-24,2025-04-22,"VR, A",99.9859,0.175,13725.0,13290.0,0.0,13290.0,28d
2025-03-13,CH1310846485,1000000,N,28,2025-03-17,2025-04-14,"VR, A",99.9795,0.264,18318.0,12444.0,25000.0,37444.0,28d
2025-03-13,CH1310846493,1000000,N,168,2025-03-17,2025-09-01,"VR, A",99.896,0.223,2185.0,1091.0,10000.0,11091.0,168d
2025-03-06,CH1310846469,1000000,N,28,2025-03-10,2025-04-07,"VR, A",99.9766,0.301,10566.0,10396.0,0.0,10396.0,28d
2025-03-06,CH1310846477,1000000,N,84,2025-03-10,2025-06-02,"VR, A",99.945,0.236,1784.0,1031.0,0.0,1031.0,84d
2025-02-27,CH1310846444,1000000,N,28,2025-03-03,2025-03-31,"VR, A",99.9748,0.324,11069.0,9980.0,0.0,9980.0,28d
2025-02-27,CH1310846451,1000000,N,336,2025-03-03,2026-02-02,"VR, A",99.902,0.105,2186.0,1876.0,5000.0,6876.0,336d
2025-02-20,CH1310846428,1000000,N,28,2025-02-24,2025-03-24,"VR, A",99.9692,0.396,10329.0,8968.0,35000.0,43968.0,28d
2025-02-20,CH1310846436,1000000,N,84,2025-02-24,2025-05-19,"VR, A",99.935,0.279,2092.0,1951.0,0.0,1951.0,84d
2025-02-13,CH1310846402,1000000,N,28,2025-02-17,2025-03-17,"VR, A",99.9673,0.421,7837.0,7701.0,0.0,7701.0,28d
2025-02-13,CH1310846410,1000000,N,168,2025-02-17,2025-08-04,"VR, A",99.907,0.199,1088.0,892.0,10000.0,10892.0,168d
2025-02-06,CH1310846394,1000000,N,84,2025-02-10,2025-05-05,"VR, A",99.935,0.279,1566.0,1238.0,0.0,1238.0,84d
2025-02-06,CH1310846386,1000000,N,28,2025-02-10,2025-03-10,"VR, A",99.9673,0.421,11162.0,10387.0,0.0,10387.0,28d
2025-01-30,CH1310846360,1000000,N,28,2025-02-03,2025-03-03,"VR, A",99.9672,0.422,13908.0,13783.0,50000.0,63783.0,28d
2025-01-30,CH1310846378,1000000,N,336,2025-02-03,2026-01-05,"VR, A",99.865,0.145,373.0,53.0,5000.0,5053.0,336d
2025-01-23,CH1310846345,1000000,N,28,2025-01-27,2025-02-24,"VR, A",99.9672,0.422,6902.0,6197.0,0.0,6197.0,28d
2025-01-23,CH1310846352,1000000,N,85,2025-01-27,2025-04-22,"VR, A",99.921,0.335,1680.0,1625.0,0.0,1625.0,84d
2025-01-16,CH1310846329,1000000,N,28,2025-01-20,2025-02-17,"VR, A",99.967,0.424,11806.0,11603.0,0.0,11603.0,28d
2025-01-16,CH1310846337,1000000,N,168,2025-01-20,2025-07-07,"VR, A",99.888,0.24,582.0,291.0,10000.0,10291.0,168d
2025-01-09,CH1310846303,1000000,N,28,2025-01-13,2025-02-10,"VR, A",99.9671,0.423,8087.0,7187.0,0.0,7187.0,28d
2025-01-09,CH1310846311,1000000,N,84,2025-01-13,2025-04-07,"VR, A",99.916,0.36,1015.0,697.0,0.0,697.0,84d
2025-01-03,CH1310846287,1000000,N,28,2025-01-06,2025-02-03,"VR, A",99.9678,0.414,12833.0,11973.0,0.0,11973.0,28d
2025-01-03,CH1310846295,1000000,N,336,2025-01-06,2025-12-08,"VR, A",99.963,0.04,225.0,225.0,5000.0,5225.0,336d
2024-12-27,CH1310846279,1000000,N,84,2024-12-30,2025-03-24,"VR, A",99.911,0.382,1124.0,1087.0,0.0,1087.0,84d
2024-12-27,CH1310846261,1000000,N,28,2024-12-30,2025-01-27,"VR, A",99.968,0.412,10579.0,9684.0,0.0,9684.0,28d
2024-12-19,CH1310846246,1000000,N,28,2024-12-23,2025-01-20,"VR, A",99.9677,0.415,16276.0,14077.0,0.0,14077.0,28d
2024-12-19,CH1310846253,1000000,N,169,2024-12-23,2025-06-10,"VR, A",99.872,0.273,566.0,411.0,10000.0,10411.0,168d
2024-12-12,CH1310846220,1000000,N,28,2024-12-16,2025-01-13,"VR, A",99.9673,0.421,15192.0,13924.0,0.0,13924.0,28d
2024-12-12,CH1310846238,1000000,N,84,2024-12-16,2025-03-10,"VR, A",99.902,0.42,1337.0,1097.0,0.0,1097.0,84d
2024-12-05,CH1310846204,1000000,N,28,2024-12-09,2025-01-06,"VR, A",99.9541,0.59,15252.0,13215.0,0.0,13215.0,28d
2024-12-05,CH1310846212,1000000,N,336,2024-12-09,2025-11-10,"VR, A",99.799,0.216,789.0,210.0,5000.0,5210.0,336d
2024-11-28,CH1310846188,1000000,N,28,2024-12-02,2024-12-30,"VR, A",99.9464,0.69,7059.0,6387.0,0.0,6387.0,28d
2024-11-28,CH1310846196,1000000,N,84,2024-12-02,2025-02-24,"VR, A",99.861,0.597,2330.0,1525.0,0.0,1525.0,84d
2024-11-21,CH1310846162,1000000,N,28,2024-11-25,2024-12-23,"VR, A",99.939,0.785,7644.0,7171.0,0.0,7171.0,28d
2024-11-21,CH1310846170,1000000,N,168,2024-11-25,2025-05-12,"VR, A",99.767,0.5,1855.0,783.0,10000.0,10783.0,168d
2024-11-14,CH1310846154,1000000,N,84,2024-11-18,2025-02-10,"VR, A",99.847,0.657,1558.0,1529.0,0.0,1529.0,84d
2024-11-14,CH1258961551,1000000,N,28,2024-11-18,2024-12-16,"VR, A",99.9323,0.871,9067.0,8277.0,0.0,8277.0,28d
2024-11-07,CH1258961536,1000000,N,28,2024-11-11,2024-12-09,"VR, A",99.9291,0.912,7910.0,6711.0,0.0,6711.0,28d
2024-11-07,CH1258961544,1000000,N,336,2024-11-11,2025-10-13,"VR, A",99.667,0.358,729.0,429.0,5000.0,5429.0,336d
2024-10-31,CH1258961510,1000000,N,28,2024-11-04,2024-12-02,"VR, A",99.9285,0.92,7544.0,7329.0,0.0,7329.0,28d
2024-10-31,CH1258961528,1000000,N,84,2024-11-04,2025-01-27,"VR, A",99.829,0.734,1703.0,1503.0,0.0,1503.0,84d
2024-10-24,CH1258961494,1000000,N,28,2024-10-28,2024-11-25,"VR, A",99.9285,0.92,6888.0,6372.0,0.0,6372.0,28d
2024-10-24,CH1258961502,1000000,N,168,2024-10-28,2025-04-14,"VR, A",99.707,0.63,1465.0,1075.0,10000.0,11075.0,168d
2024-10-17,CH1258961478,1000000,N,28,2024-10-21,2024-11-18,"VR, A",99.9285,0.92,7386.0,7271.0,0.0,7271.0,28d
2024-10-17,CH1258961486,1000000,N,84,2024-10-21,2025-01-13,"VR, A",99.815,0.794,1953.0,1473.0,0.0,1473.0,84d
2024-10-10,CH1258961452,1000000,N,28,2024-10-14,2024-11-11,"VR, A",99.9277,0.93,6805.0,6605.0,0.0,6605.0,28d
2024-10-10,CH1258961460,1000000,N,336,2024-10-14,2025-09-15,"VR, A",99.471,0.57,1172.0,567.0,5000.0,5567.0,336d
2024-10-03,CH1258961445,1000000,N,84,2024-10-07,2024-12-30,"VR, A",99.808,0.824,1092.0,942.0,0.0,942.0,84d
2024-10-03,CH1258961437,1000000,N,28,2024-10-07,2024-11-04,"VR, A",99.9293,0.91,11095.0,9470.0,0.0,9470.0,28d
2024-09-26,CH1258961411,1000000,N,28,2024-09-30,2024-10-28,"VR, A",99.9278,0.929,11287.0,10212.0,0.0,10212.0,28d
2024-09-26,CH1258961429,1000000,N,168,2024-09-30,2025-03-17,"VR, A",99.644,0.766,1098.0,134.0,10000.0,10134.0,168d
2024-09-19,CH1258961395,1000000,N,28,2024-09-23,2024-10-21,"VR, A",99.93,0.901,6576.0,5933.0,0.0,5933.0,28d
2024-09-19,CH1258961403,1000000,N,84,2024-09-23,2024-12-16,"VR, A",99.802,0.85,1019.0,969.0,0.0,969.0,84d
2024-09-12,CH1258961379,1000000,N,28,2024-09-16,2024-10-14,"VR, A",99.9225,0.997,9346.0,6516.0,0.0,6516.0,28d
2024-09-12,CH1258961387,1000000,N,336,2024-09-16,2025-08-18,"VR, A",99.41,0.636,1433.0,821.0,5000.0,5821.0,336d
2024-09-05,CH1258961353,1000000,N,28,2024-09-09,2024-10-07,"VR, A",99.9187,1.046,7221.0,5996.0,0.0,5996.0,28d
2024-09-05,CH1258961361,1000000,N,84,2024-09-09,2024-12-02,"VR, A",99.789,0.906,1507.0,1279.0,0.0,1279.0,84d
2024-08-29,CH1258961338,1000000,N,28,2024-09-02,2024-09-30,"VR, A",99.913,1.12,7853.0,5234.0,0.0,5234.0,28d
2024-08-29,CH1258961346,1000000,N,168,2024-09-02,2025-02-17,"VR, A",99.627,0.802,1621.0,1251.0,10000.0,11251.0,168d
2024-08-22,CH1258961320,1000000,N,84,2024-08-26,2024-11-18,"VR, A",99.774,0.971,3169.0,2428.0,0.0,2428.0,84d
2024-08-22,CH1258961312,1000000,N,28,2024-08-26,2024-09-23,"VR, A",99.9097,1.162,9219.0,7864.0,0.0,7864.0,28d
2024-08-15,CH1258961296,1000000,N,28,2024-08-19,2024-09-16,"VR, A",99.9099,1.159,7568.0,7146.0,0.0,7146.0,28d
2024-08-15,CH1258961304,1000000,N,336,2024-08-19,2025-07-21,"VR, A",99.323,0.73,1206.0,221.0,5000.0,5221.0,336d
2024-08-08,CH1258961270,1000000,N,28,2024-08-12,2024-09-09,"VR, A",99.9114,1.14,7442.0,4968.0,0.0,4968.0,28d
2024-08-08,CH1258961288,1000000,N,84,2024-08-12,2024-11-04,"VR, A",99.769,0.992,2580.0,1083.0,0.0,1083.0,84d
2024-07-31,CH1258961254,1000000,N,28,2024-08-05,2024-09-02,"VR, A",99.9087,1.175,6414.0,5694.0,0.0,5694.0,28d
2024-07-31,CH1258961262,1000000,N,168,2024-08-05,2025-01-20,"VR, A",99.537,0.997,1040.0,688.0,10000.0,10688.0,168d
2024-07-25,CH1258961239,1000000,N,28,2024-07-29,2024-08-26,"VR, A",99.9092,1.168,9807.0,5616.0,0.0,5616.0,28d
2024-07-25,CH1258961247,1000000,N,84,2024-07-29,2024-10-21,"VR, A",99.743,1.104,3144.0,2473.0,0.0,2473.0,84d
2024-07-18,CH1258961213,1000000,N,28,2024-07-22,2024-08-19,"VR, A",99.9088,1.174,11388.0,8471.0,0.0,8471.0,28d
2024-07-18,CH1258961221,1000000,N,336,2024-07-22,2025-06-23,"VR, A",99.131,0.939,1092.0,448.0,5000.0,5448.0,336d
2024-07-11,CH1258961205,1000000,N,84,2024-07-15,2024-10-07,"VR, A",99.731,1.156,1872.0,1370.0,0.0,1370.0,84d
2024-07-11,CH1258961197,1000000,N,28,2024-07-15,2024-08-12,"VR, A",99.909,1.171,9774.0,5269.0,0.0,5269.0,28d
2024-07-04,CH1258961171,1000000,N,28,2024-07-08,2024-08-05,"VR, A",99.9087,1.175,12368.0,10028.0,0.0,10028.0,28d
2024-07-04,CH1258961189,1000000,N,168,2024-07-08,2024-12-23,"VR, A",99.494,1.09,1484.0,305.0,10000.0,10305.0,168d
2024-06-27,CH1258961155,1000000,N,28,2024-07-01,2024-07-29,"VR, A",99.9083,1.18,4760.0,4467.0,0.0,4467.0,28d
2024-06-27,CH1258961163,1000000,N,84,2024-07-01,2024-09-23,"VR, A",99.727,1.173,3173.0,2038.0,0.0,2038.0,84d
2024-06-20,CH1258961130,1000000,N,28,2024-06-24,2024-07-22,"VR, A",99.9091,1.17,7530.0,5803.0,0.0,5803.0,28d
2024-06-20,CH1258961148,1000000,N,336,2024-06-24,2025-05-26,"VR, A",99.003,1.079,1665.0,536.0,5000.0,5536.0,336d
2024-06-13,CH1258961114,1000000,N,28,2024-06-17,2024-07-15,"VR, A",99.8977,1.317,7635.0,6396.0,0.0,6396.0,28d
2024-06-13,CH1258961122,1000000,N,84,2024-06-17,2024-09-09,"VR, A",99.697,1.303,1244.0,579.0,0.0,579.0,84d
2024-06-06,CH1258961098,1000000,N,28,2024-06-10,2024-07-08,"VR, A",99.8943,1.36,14538.0,10729.0,0.0,10729.0,28d
2024-06-06,CH1258961106,1000000,N,168,2024-06-10,2024-11-25,"VR, A",99.397,1.3,1773.0,1080.0,10000.0,11080.0,168d
2024-05-30,CH1258961080,1000000,N,84,2024-06-03,2024-08-26,"VR, A",99.686,1.35,2043.0,1693.0,0.0,1693.0,84d
2024-05-30,CH1258961072,1000000,N,28,2024-06-03,2024-07-01,"VR, A",99.8912,1.4,9455.0,8995.0,0.0,8995.0,28d
2024-05-23,CH1258961056,1000000,N,28,2024-05-27,2024-06-24,"VR, A",99.8909,1.404,7339.0,6110.0,0.0,6110.0,28d
2024-05-23,CH1258961064,1000000,N,336,2024-05-27,2025-04-28,"VR, A",98.887,1.206,1493.0,565.0,5000.0,5565.0,336d
2024-05-16,CH1258961031,1000000,N,27,2024-05-21,2024-06-17,"VR, A",99.8941,1.413,10909.0,8181.0,0.0,8181.0,28d
2024-05-16,CH1258961049,1000000,N,83,2024-05-21,2024-08-12,"VR, A",99.7,1.305,1641.0,799.0,0.0,799.0,84d
2024-05-08,CH1258961015,1000000,N,28,2024-05-13,2024-06-10,"VR, A",99.8899,1.417,9793.0,8747.0,0.0,8747.0,28d
2024-05-08,CH1258961023,1000000,N,168,2024-05-13,2024-10-28,"VR, A",99.414,1.263,1242.0,782.0,10000.0,10782.0,168d
2024-05-02,CH1258960991,1000000,N,28,2024-05-06,2024-06-03,"VR, A",99.8889,1.43,6792.0,6580.0,0.0,6580.0,28d
2024-05-02,CH1258961007,1000000,N,84,2024-05-06,2024-07-29,"VR, A",99.684,1.359,3260.0,2795.0,0.0,2795.0,84d
2024-04-25,CH1258960975,1000000,N,28,2024-04-29,2024-05-27,"VR, A",99.8893,1.425,6945.0,5995.0,0.0,5995.0,28d
2024-04-25,CH1258960983,1000000,N,336,2024-04-29,2025-03-31,"VR, A",98.92,1.17,1428.0,638.0,5000.0,5638.0,336d
2024-04-18,CH1258960959,1000000,N,29,2024-04-22,2024-05-21,"VR, A",99.8872,1.402,14281.0,3631.0,0.0,3631.0,28d
2024-04-18,CH1258960967,1000000,N,84,2024-04-22,2024-07-15,"VR, A",99.682,1.367,1540.0,1129.0,0.0,1129.0,84d
2024-04-11,CH1258960942,1000000,N,168,2024-04-15,2024-09-30,"VR, A",99.385,1.326,1498.0,1328.0,10000.0,11328.0,168d
2024-04-11,CH1258960934,1000000,N,28,2024-04-15,2024-05-13,"VR, A",99.889,1.429,11199.0,10139.0,0.0,10139.0,28d
2024-04-04,CH1258960918,1000000,N,28,2024-04-08,2024-05-06,"VR, A",99.8896,1.421,15160.0,8490.0,0.0,8490.0,28d
2024-04-04,CH1258960926,1000000,N,84,2024-04-08,2024-07-01,"VR, A",99.678,1.384,2005.0,1735.0,0.0,1735.0,84d
2024-03-28,CH1258960892,1000000,N,27,2024-04-02,2024-04-29,"VR, A",99.8966,1.38,4223.0,3039.0,0.0,3039.0,28d
2024-03-28,CH1258960900,1000000,N,335,2024-04-02,2025-03-03,"VR, A",98.914,1.18,1313.0,433.0,5000.0,5433.0,336d
2024-03-21,CH1258960876,1000000,N,28,2024-03-25,2024-04-22,"VR, A",99.8908,1.406,15999.0,7296.0,0.0,7296.0,28d
2024-03-21,CH1258960884,1000000,N,84,2024-03-25,2024-06-17,"VR, A",99.673,1.406,3312.0,767.0,0.0,767.0,84d
2024-03-14,CH1258960850,1000000,N,28,2024-03-18,2024-04-15,"VR, A",99.8751,1.608,19300.0,15242.0,0.0,15242.0,28d
2024-03-14,CH1258960868,1000000,N,168,2024-03-18,2024-09-02,"VR, A",99.305,1.5,1472.0,275.0,10000.0,10275.0,168d
2024-03-07,CH1258960835,1000000,N,28,2024-03-11,2024-04-08,"VR, A",99.875,1.609,18397.0,13819.0,0.0,13819.0,28d
2024-03-07,CH1258960843,1000000,N,84,2024-03-11,2024-06-03,"VR, A",99.63,1.592,1823.0,1453.0,0.0,1453.0,84d
2024-02-29,CH1258960827,1000000,N,336,2024-03-04,2025-02-03,"VR, A",98.755,1.351,1711.0,1187.0,5000.0,6187.0,336d
2024-02-29,CH1258960819,1000000,N,29,2024-03-04,2024-04-02,"VR, A",99.8689,1.63,10615.0,9529.0,0.0,9529.0,28d
2024-02-22,CH1258960793,1000000,N,28,2024-02-26,2024-03-25,"VR, A",99.8713,1.657,6930.0,6150.0,0.0,6150.0,28d
2024-02-22,CH1258960801,1000000,N,85,2024-02-26,2024-05-21,"VR, A",99.627,1.586,2738.0,2213.0,0.0,2213.0,84d
2024-02-15,CH1258960777,1000000,N,28,2024-02-19,2024-03-18,"VR, A",99.8706,1.666,9830.0,9460.0,0.0,9460.0,28d
2024-02-15,CH1258960785,1000000,N,168,2024-02-19,2024-08-05,"VR, A",99.314,1.48,975.0,263.0,10000.0,10263.0,168d
2024-02-08,CH1258960751,1000000,N,28,2024-02-12,2024-03-11,"VR, A",99.8707,1.665,8039.0,7511.0,0.0,7511.0,28d
2024-02-08,CH1258960769,1000000,N,84,2024-02-12,2024-05-06,"VR, A",99.622,1.626,6415.0,5545.0,0.0,5545.0,84d
2024-02-01,CH1258960736,1000000,N,28,2024-02-05,2024-03-04,"VR, A",99.871,1.661,9592.0,7301.0,0.0,7301.0,28d
2024-02-01,CH1258960744,1000000,N,336,2024-02-05,2025-01-06,"VR, A",98.766,1.339,1155.0,685.0,5000.0,5685.0,336d
2024-01-25,CH1258960710,1000000,N,28,2024-01-29,2024-02-26,"VR, A",99.8704,1.668,5259.0,5059.0,0.0,5059.0,28d
2024-01-25,CH1258960728,1000000,N,84,2024-01-29,2024-04-22,"VR, A",99.62,1.635,2415.0,1770.0,0.0,1770.0,84d
2024-01-18,CH1258960702,1000000,N,168,2024-01-22,2024-07-08,"VR, A",99.271,1.574,1805.0,1179.0,10000.0,11179.0,168d
2024-01-18,CH1258960694,1000000,N,28,2024-01-22,2024-02-19,"VR, A",99.8709,1.662,7605.0,7099.0,0.0,7099.0,28d
2024-01-11,CH1258960678,1000000,N,28,2024-01-15,2024-02-12,"VR, A",99.871,1.661,5763.0,5377.0,0.0,5377.0,28d
2024-01-11,CH1258960686,1000000,N,84,2024-01-15,2024-04-08,"VR, A",99.62,1.635,2462.0,1601.0,0.0,1601.0,84d
2024-01-04,CH1258960652,1000000,N,28,2024-01-08,2024-02-05,"VR, A",99.871,1.661,5175.0,4875.0,0.0,4875.0,28d
2024-01-04,CH1258960660,1000000,N,336,2024-01-08,2024-12-09,"VR, A",98.665,1.45,1220.0,395.0,5000.0,5395.0,336d
2023-12-28,CH1258960629,1000000,N,26,2024-01-03,2024-01-29,"VR, A",99.8823,1.632,4345.0,3715.0,0.0,3715.0,28d
2023-12-28,CH1258960637,1000000,N,82,2024-01-03,2024-03-25,"VR, A",99.625,1.653,1298.0,398.0,0.0,398.0,84d
2023-12-21,CH1258960603,1000000,N,26,2023-12-27,2024-01-22,"VR, A",99.8832,1.619,8246.0,8117.0,0.0,8117.0,28d
2023-12-21,CH1258960611,1000000,N,166,2023-12-27,2024-06-10,"VR, A",99.28,1.573,1430.0,603.0,10000.0,10603.0,168d
2023-12-14,CH1258960587,1000000,N,28,2023-12-18,2024-01-15,"VR, A",99.8742,1.619,6621.0,6314.0,0.0,6314.0,28d
2023-12-14,CH1258960595,1000000,N,84,2023-12-18,2024-03-11,"VR, A",99.621,1.63,1767.0,635.0,0.0,635.0,84d
2023-12-07,CH1258960579,1000000,N,336,2023-12-11,2024-11-11,"VR, A",98.7,1.411,3398.0,655.0,5000.0,5655.0,336d
2023-12-07,CH1258960561,1000000,N,28,2023-12-11,2024-01-08,"VR, A",99.876,1.596,15122.0,9447.0,0.0,9447.0,28d
2023-11-30,CH1204501667,1000000,N,30,2023-12-04,2024-01-03,"VR, A",99.8658,1.613,10705.0,8214.0,0.0,8214.0,28d
2023-11-30,CH1204501675,1000000,N,84,2023-12-04,2024-02-26,"VR, A",99.622,1.626,1626.0,1294.0,0.0,1294.0,84d
2023-11-23,CH1204501642,1000000,N,30,2023-11-27,2023-12-27,"VR, A",99.8642,1.632,8839.0,7219.0,0.0,7219.0,28d
2023-11-23,CH1204501659,1000000,N,168,2023-11-27,2024-05-13,"VR, A",99.245,1.63,2595.0,1284.0,10000.0,11284.0,168d
2023-11-16,CH1204501626,1000000,N,28,2023-11-20,2023-12-18,"VR, A",99.8735,1.628,10970.0,6347.0,0.0,6347.0,28d
2023-11-16,CH1204501634,1000000,N,84,2023-11-20,2024-02-12,"VR, A",99.62,1.635,6097.0,4966.0,0.0,4966.0,84d
2023-11-09,CH1204501600,1000000,N,28,2023-11-13,2023-12-11,"VR, A",99.8731,1.634,15617.0,7375.0,0.0,7375.0,28d
2023-11-09,CH1204501618,1000000,N,336,2023-11-13,2024-10-14,"VR, A",98.521,1.608,3050.0,610.0,5000.0,5610.0,336d
2023-11-02,CH1258960645,1000000,N,28,2023-11-06,2023-12-04,"VR, A",99.873,1.635,6611.0,4973.0,0.0,4973.0,28d
2023-11-02,CH1204501592,1000000,N,84,2023-11-06,2024-01-29,"VR, A",99.619,1.639,5619.0,2694.0,0.0,2694.0,84d
2023-10-26,CH1204501394,1000000,N,168,2023-10-30,2024-04-15,"VR, A",99.229,1.665,2746.0,2096.0,10000.0,12096.0,168d
2023-10-26,CH1204501386,1000000,N,28,2023-10-30,2023-11-27,"VR, A",99.8725,1.641,5873.0,4373.0,0.0,4373.0,28d
2023-10-19,CH1204501360,1000000,N,28,2023-10-23,2023-11-20,"VR, A",99.8742,1.619,6788.0,5778.0,0.0,5778.0,28d
2023-10-19,CH1204501378,1000000,N,84,2023-10-23,2024-01-15,"VR, A",99.622,1.626,4199.0,2183.0,0.0,2183.0,84d
2023-10-12,CH1204501345,1000000,N,28,2023-10-16,2023-11-13,"VR, A",99.874,1.622,6903.0,4756.0,0.0,4756.0,28d
2023-10-12,CH1204501352,1000000,N,336,2023-10-16,2024-09-16,"VR, A",98.475,1.659,3760.0,1510.0,5000.0,6510.0,336d
2023-10-05,CH1204501329,1000000,N,28,2023-10-09,2023-11-06,"VR, A",99.874,1.622,8970.0,6269.0,0.0,6269.0,28d
2023-10-05,CH1204501337,1000000,N,86,2023-10-09,2024-01-03,"VR, A",99.611,1.635,7610.0,4618.0,0.0,4618.0,84d
2023-09-28,CH1204501303,1000000,N,28,2023-10-02,2023-10-30,"VR, A",99.874,1.622,4479.0,2553.0,0.0,2553.0,28d
2023-09-28,CH1204501311,1000000,N,168,2023-10-02,2024-03-18,"VR, A",99.222,1.68,6407.0,2597.0,10000.0,12597.0,168d
2023-09-21,CH1204501287,1000000,N,28,2023-09-25,2023-10-23,"VR, A",99.8734,1.63,12182.0,5918.0,0.0,5918.0,28d
2023-09-21,CH1204501295,1000000,N,84,2023-09-25,2023-12-18,"VR, A",99.616,1.652,4760.0,2800.0,0.0,2800.0,84d
2023-09-14,CH1204501279,1000000,N,336,2023-09-18,2024-08-19,"VR, A",98.325,1.825,2911.0,1233.0,5000.0,6233.0,336d
2023-09-14,CH1204501261,1000000,N,28,2023-09-18,2023-10-16,"VR, A",99.8651,1.737,9126.0,4950.0,0.0,4950.0,28d
2023-09-07,CH1204501253,1000000,N,84,2023-09-11,2023-12-04,"VR, A",99.595,1.743,2171.0,596.0,0.0,596.0,84d
2023-09-07,CH1204501246,1000000,N,28,2023-09-11,2023-10-09,"VR, A",99.8682,1.697,17022.0,13368.0,0.0,13368.0,28d
2023-08-31,CH1204501220,1000000,N,28,2023-09-04,2023-10-02,"VR, A",99.87,1.674,6160.0,3861.0,0.0,3861.0,28d
2023-08-31,CH1204501238,1000000,N,168,2023-09-04,2024-02-19,"VR, A",99.191,1.748,10105.0,6819.0,10000.0,16819.0,168d
2023-08-24,CH1204501204,1000000,N,28,2023-08-28,2023-09-25,"VR, A",99.8715,1.654,13317.0,7273.0,0.0,7273.0,28d
2023-08-24,CH1204501212,1000000,N,84,2023-08-28,2023-11-20,"VR, A",99.601,1.717,6257.0,4817.0,0.0,4817.0,84d
2023-08-17,CH1204501188,1000000,N,28,2023-08-21,2023-09-18,"VR, A",99.8718,1.65,11587.0,4095.0,0.0,4095.0,28d
2023-08-17,CH1204501196,1000000,N,336,2023-08-21,2024-07-22,"VR, A",98.35,1.798,4360.0,1967.0,5000.0,6967.0,336d
2023-08-10,CH1204501162,1000000,N,28,2023-08-14,2023-09-11,"VR, A",99.8711,1.659,15259.0,9724.0,0.0,9724.0,28d
2023-08-10,CH1204501170,1000000,N,84,2023-08-14,2023-11-06,"VR, A",99.603,1.708,4319.0,2000.0,0.0,2000.0,84d
2023-08-03,CH1204501154,1000000,N,168,2023-08-07,2024-01-22,"VR, A",99.196,1.737,8704.0,3228.0,10000.0,13228.0,168d
2023-08-03,CH1204501147,1000000,N,28,2023-08-07,2023-09-04,"VR, A",99.8705,1.667,14099.0,8861.0,0.0,8861.0,28d
2023-07-27,CH1204501121,1000000,N,28,2023-07-31,2023-08-28,"VR, A",99.8702,1.671,12900.0,6227.0,0.0,6227.0,28d
2023-07-27,CH1204501139,1000000,N,84,2023-07-31,2023-10-23,"VR, A",99.598,1.73,4295.0,2405.0,0.0,2405.0,84d
2023-07-20,CH1204501105,1000000,N,28,2023-07-24,2023-08-21,"VR, A",99.8696,1.679,11992.0,4170.0,0.0,4170.0,28d
2023-07-20,CH1204501113,1000000,N,336,2023-07-24,2024-06-24,"VR, A",98.298,1.855,3612.0,1030.0,5000.0,6030.0,336d
2023-07-13,CH1204501089,1000000,N,28,2023-07-17,2023-08-14,"VR, A",99.8687,1.69,15109.0,13939.0,0.0,13939.0,28d
2023-07-13,CH1204501097,1000000,N,84,2023-07-17,2023-10-09,"VR, A",99.602,1.713,4800.0,2299.0,0.0,2299.0,84d
2023-07-06,CH1204501063,1000000,N,28,2023-07-10,2023-08-07,"VR, A",99.8695,1.68,12851.0,8999.0,0.0,8999.0,28d
2023-07-06,CH1204501071,1000000,N,170,2023-07-10,2023-12-27,"VR, A",99.162,1.79,2528.0,1424.0,10000.0,11424.0,168d
2023-06-29,CH1204501048,1000000,N,28,2023-07-03,2023-07-31,"VR, A",99.8695,1.68,7457.0,3848.0,0.0,3848.0,28d
2023-06-29,CH1204501055,1000000,N,84,2023-07-03,2023-09-25,"VR, A",99.608,1.687,7975.0,6548.0,0.0,6548.0,84d
2023-06-22,CH1204501030,1000000,N,336,2023-06-26,2024-05-27,"VR, A",98.239,1.921,3780.0,2635.0,5000.0,7635.0,336d
2023-06-22,CH1204501022,1000000,N,28,2023-06-26,2023-07-24,"VR, A",99.8683,1.696,11500.0,5626.0,0.0,5626.0,28d
2023-06-15,CH1204501014,1000000,N,84,2023-06-19,2023-09-11,"VR, A",99.573,1.838,8531.0,7306.0,0.0,7306.0,84d
2023-06-15,CH1204501006,1000000,N,28,2023-06-19,2023-07-17,"VR, A",99.8602,1.8,11051.0,10052.0,15000.0,25052.0,28d
2023-06-08,CH1204501402,1000000,N,7,2023-06-12,2023-06-19,"VR, A",99.9726,1.41,6057.0,4051.0,0.0,4051.0,7d
2023-06-08,CH1204500982,1000000,N,28,2023-06-12,2023-07-10,"VR, A",99.8726,1.64,10159.0,9559.0,0.0,9559.0,28d
2023-06-08,CH1204500990,1000000,N,168,2023-06-12,2023-11-27,"VR, A",99.158,1.82,4553.0,4283.0,10000.0,14283.0,168d
2023-06-01,CH1204501410,1000000,N,7,2023-06-05,2023-06-12,"VR, A",99.9726,1.41,6620.0,3675.0,0.0,3675.0,7d
2023-06-01,CH1204500966,1000000,N,28,2023-06-05,2023-07-03,"VR, A",99.8788,1.56,13294.0,11514.0,0.0,11514.0,28d
2023-06-01,CH1204500974,1000000,N,84,2023-06-05,2023-08-28,"VR, A",99.607,1.691,10659.0,10179.0,0.0,10179.0,84d
2023-05-25,CH1204501428,1000000,N,6,2023-05-30,2023-06-05,"VR, A",99.9763,1.422,7895.0,7385.0,0.0,7385.0,7d
2023-05-25,CH1204500941,1000000,N,27,2023-05-30,2023-06-26,"VR, A",99.8865,1.515,11894.0,11230.0,0.0,11230.0,28d
2023-05-25,CH1204500958,1000000,N,335,2023-05-30,2024-04-29,"VR, A",98.289,1.871,3799.0,3209.0,5000.0,8209.0,336d
2023-05-17,CH1204500933,1000000,N,84,2023-05-22,2023-08-14,"VR, A",99.623,1.622,9212.0,8187.0,0.0,8187.0,84d
2023-05-17,CH1204500925,1000000,N,28,2023-05-22,2023-06-19,"VR, A",99.8866,1.46,9950.0,9749.0,0.0,9749.0,28d
2023-05-17,CH1204501436,1000000,N,8,2023-05-22,2023-05-30,"VR, A",99.9682,1.431,6269.0,5819.0,0.0,5819.0,7d
2023-05-11,CH1204501444,1000000,N,7,2023-05-15,2023-05-22,"VR, A",99.972,1.44,7290.0,6740.0,0.0,6740.0,7d
2023-05-11,CH1204500909,1000000,N,28,2023-05-15,2023-06-12,"VR, A",99.8874,1.449,9805.0,8580.0,50000.0,58580.0,28d
2023-05-11,CH1204500917,1000000,N,168,2023-05-15,2023-10-30,"VR, A",99.22,1.685,6040.0,4835.0,10000.0,14835.0,168d
2023-05-04,CH1204501451,1000000,N,7,2023-05-08,2023-05-15,"VR, A",99.972,1.44,6546.0,6496.0,0.0,6496.0,7d
2023-05-04,CH1204500883,1000000,N,28,2023-05-08,2023-06-05,"VR, A",99.8874,1.449,8961.0,8103.0,0.0,8103.0,28d
2023-05-04,CH1204500891,1000000,N,84,2023-05-08,2023-07-31,"VR, A",99.632,1.583,9629.0,9104.0,0.0,9104.0,84d
2023-04-27,CH1204501469,1000000,N,6,2023-05-02,2023-05-08,"VR, A",99.9761,1.434,5851.0,5601.0,0.0,5601.0,7d
2023-04-27,CH1204500867,1000000,N,28,2023-05-02,2023-05-30,"VR, A",99.8874,1.449,14902.0,14892.0,0.0,14892.0,28d
2023-04-27,CH1204500875,1000000,N,336,2023-05-02,2024-04-02,"VR, A",98.268,1.888,4219.0,3869.0,5000.0,8869.0,336d
2023-04-20,CH1204500859,1000000,N,84,2023-04-24,2023-07-17,"VR, A",99.643,1.535,11160.0,9494.0,0.0,9494.0,84d
2023-04-20,CH1204500842,1000000,N,28,2023-04-24,2023-05-22,"VR, A",99.889,1.429,12295.0,11295.0,0.0,11295.0,28d
2023-04-20,CH1204501477,1000000,N,8,2023-04-24,2023-05-02,"VR, A",99.9685,1.418,7999.0,6349.0,0.0,6349.0,7d
2023-04-13,CH1204501485,1000000,N,7,2023-04-17,2023-04-24,"VR, A",99.973,1.389,8273.0,3570.0,0.0,3570.0,7d
2023-04-13,CH1204500826,1000000,N,28,2023-04-17,2023-05-15,"VR, A",99.8914,1.398,14855.0,11501.0,50000.0,61501.0,28d
2023-04-13,CH1204500834,1000000,N,168,2023-04-17,2023-10-02,"VR, A",99.265,1.587,5252.0,2862.0,10000.0,12862.0,168d
2023-04-06,CH1204501493,1000000,N,6,2023-04-11,2023-04-17,"VR, A",99.9759,1.446,7195.0,5352.0,0.0,5352.0,7d
2023-04-06,CH1204500800,1000000,N,27,2023-04-11,2023-05-08,"VR, A",99.8943,1.411,12329.0,10991.0,0.0,10991.0,28d
2023-04-06,CH1204500818,1000000,N,83,2023-04-11,2023-07-03,"VR, A",99.673,1.423,6477.0,5818.0,0.0,5818.0,84d
2023-03-30,CH1204501501,1000000,N,8,2023-04-03,2023-04-11,"VR, A",99.9678,1.449,2876.0,2366.0,0.0,2366.0,7d
2023-03-30,CH1204500784,1000000,N,29,2023-04-03,2023-05-02,"VR, A",99.8864,1.412,10370.0,8975.0,0.0,8975.0,28d
2023-03-30,CH1204500792,1000000,N,336,2023-04-03,2024-03-04,"VR, A",98.348,1.8,1655.0,810.0,5000.0,5810.0,336d
2023-03-23,CH1204500776,1000000,N,84,2023-03-27,2023-06-19,"VR, A",99.679,1.38,7112.0,4542.0,25000.0,29542.0,84d
2023-03-23,CH1204500768,1000000,N,28,2023-03-27,2023-04-24,"VR, A",99.8898,1.418,12252.0,6892.0,0.0,6892.0,28d
2023-03-23,CH1204501584,1000000,N,7,2023-03-27,2023-04-03,"VR, A",99.9718,1.451,7810.0,3405.0,0.0,3405.0,7d
2023-03-16,CH1204500743,1000000,N,28,2023-03-20,2023-04-17,"VR, A",99.9091,1.17,10995.0,6155.0,115000.0,121155.0,28d
2023-03-16,CH1204500750,1000000,N,168,2023-03-20,2023-09-04,"VR, A",99.415,1.261,4130.0,1935.0,10000.0,11935.0,168d
2023-03-09,CH1204500727,1000000,N,29,2023-03-13,2023-04-11,"VR, A",99.8994,1.25,14003.0,12053.0,0.0,12053.0,28d
2023-03-09,CH1204500735,1000000,N,84,2023-03-13,2023-06-05,"VR, A",99.674,1.402,10552.0,8305.0,0.0,8305.0,84d
2023-03-02,CH1204500701,1000000,N,28,2023-03-06,2023-04-03,"VR, A",99.9188,1.045,14334.0,7357.0,0.0,7357.0,28d
2023-03-02,CH1204500719,1000000,N,336,2023-03-06,2024-02-05,"VR, A",98.429,1.71,5500.0,3410.0,5000.0,8410.0,336d
2023-02-23,CH1204500685,1000000,N,28,2023-02-27,2023-03-27,"VR, A",99.9267,0.943,12364.0,8654.0,0.0,8654.0,28d
2023-02-23,CH1204500693,1000000,N,84,2023-02-27,2023-05-22,"VR, A",99.716,1.221,10480.0,5912.0,0.0,5912.0,84d
2023-02-16,CH0134867081,1000000,N,28,2023-02-20,2023-03-20,"VR, A",99.9299,0.902,17158.0,10917.0,0.0,10917.0,28d
2023-02-16,CH0134867099,1000000,N,168,2023-02-20,2023-08-07,"VR, A",99.376,1.346,6371.0,2966.0,10000.0,12966.0,168d
2023-02-09,CH0134867073,1000000,N,84,2023-02-13,2023-05-08,"VR, A",99.734,1.143,7898.0,5053.0,0.0,5053.0,84d
2023-02-09,CH0134867065,1000000,N,28,2023-02-13,2023-03-13,"VR, A",99.9297,0.904,18282.0,9362.0,0.0,9362.0,28d
2023-02-02,CH0134867040,1000000,N,28,2023-02-06,2023-03-06,"VR, A",99.9296,0.906,21502.0,8410.0,0.0,8410.0,28d
2023-02-02,CH0134867057,1000000,N,336,2023-02-06,2024-01-08,"VR, A",98.714,1.396,5071.0,881.0,5000.0,5881.0,336d
2023-01-26,CH0134867024,1000000,N,28,2023-01-30,2023-02-27,"VR, A",99.929,0.914,18404.0,6787.0,0.0,6787.0,28d
2023-01-26,CH0134867032,1000000,N,84,2023-01-30,2023-04-24,"VR, A",99.764,1.014,9385.0,2005.0,0.0,2005.0,84d
2023-01-19,CH0134867008,1000000,N,28,2023-01-23,2023-02-20,"VR, A",99.9288,0.916,23188.0,10623.0,0.0,10623.0,28d
2023-01-19,CH0134867016,1000000,N,168,2023-01-23,2023-07-10,"VR, A",99.454,1.176,7114.0,3614.0,0.0,3614.0,168d
2023-01-12,CH0134866984,1000000,N,28,2023-01-16,2023-02-13,"VR, A",99.9289,0.915,23106.0,6074.0,0.0,6074.0,28d
2023-01-12,CH0134866992,1000000,N,85,2023-01-16,2023-04-11,"VR, A",99.767,0.989,11985.0,5425.0,0.0,5425.0,84d
2023-01-06,CH0134866968,1000000,N,28,2023-01-09,2023-02-06,"VR, A",99.928,0.926,30290.0,9066.0,0.0,9066.0,28d
2023-01-06,CH0134866976,1000000,N,336,2023-01-09,2023-12-11,"VR, A",98.71,1.4,4895.0,1205.0,0.0,1205.0,336d
2022-12-29,CH0134866950,1000000,N,83,2023-01-03,2023-03-27,"VR, A",99.781,0.952,5237.0,3074.0,25000.0,28074.0,84d
2022-12-29,CH0134866943,1000000,N,27,2023-01-03,2023-01-30,"VR, A",99.9288,0.95,6637.0,4836.0,0.0,4836.0,28d
2022-12-22,CH0134866927,1000000,N,27,2022-12-27,2023-01-23,"VR, A",99.931,0.921,27908.0,11905.0,0.0,11905.0,28d
2022-12-22,CH0134866935,1000000,N,167,2022-12-27,2023-06-12,"VR, A",99.467,1.155,9630.0,4570.0,10000.0,14570.0,168d
2022-12-15,CH0134866901,1000000,N,28,2022-12-19,2023-01-16,"VR, A",99.9285,0.92,28789.0,8988.0,0.0,8988.0,28d
2022-12-15,CH0134866919,1000000,N,84,2022-12-19,2023-03-13,"VR, A",99.781,0.941,22909.0,9068.0,25000.0,34068.0,84d
2022-12-08,CH0134866885,1000000,N,28,2022-12-12,2023-01-09,"VR, A",99.9363,0.82,20521.0,10271.0,0.0,10271.0,28d
2022-12-08,CH0134866893,1000000,N,336,2022-12-12,2023-11-13,"VR, A",98.965,1.121,4587.0,2702.0,5000.0,7702.0,336d
2022-12-01,CH0134866869,1000000,N,29,2022-12-05,2023-01-03,"VR, A",99.942,0.72,19040.0,8880.0,0.0,8880.0,28d
2022-12-01,CH0134866877,1000000,N,84,2022-12-05,2023-02-27,"VR, A",99.814,0.799,13030.0,9065.0,0.0,9065.0,84d
2022-11-24,CH0134866844,1000000,N,29,2022-11-28,2022-12-27,"VR, A",99.9495,0.627,18918.0,11458.0,0.0,11458.0,28d
2022-11-24,CH0134866851,1000000,N,168,2022-11-28,2023-05-15,"VR, A",99.579,0.906,8604.0,4874.0,10000.0,14874.0,168d
2022-11-17,CH0134866836,1000000,N,84,2022-11-21,2023-02-13,"VR, A",99.825,0.751,9763.0,5025.0,0.0,5025.0,84d
2022-11-17,CH0134866828,1000000,N,28,2022-11-21,2022-12-19,"VR, A",99.958,0.54,18017.0,13857.0,0.0,13857.0,28d
2022-11-10,CH0134866802,1000000,N,28,2022-11-14,2022-12-12,"VR, A",99.961,0.502,19753.0,15193.0,0.0,15193.0,28d
2022-11-10,CH0134866810,1000000,N,336,2022-11-14,2023-10-16,"VR, A",99.02,1.06,4860.0,2065.0,5000.0,7065.0,336d
2022-11-03,CH0134866786,1000000,N,28,2022-11-07,2022-12-05,"VR, A",99.961,0.502,16159.0,11372.0,0.0,11372.0,28d
2022-11-03,CH0134866794,1000000,N,84,2022-11-07,2023-01-30,"VR, A",99.836,0.704,7806.0,1799.0,25000.0,26799.0,84d
2022-10-27,CH0134866760,1000000,N,28,2022-10-31,2022-11-28,"VR, A",99.961,0.502,21024.0,15150.0,0.0,15150.0,28d
2022-10-27,CH0134866778,1000000,N,168,2022-10-31,2023-04-17,"VR, A",99.593,0.876,10333.0,4812.0,0.0,4812.0,168d
2022-10-20,CH0134866745,1000000,N,28,2022-10-24,2022-11-21,"VR, A",99.961,0.502,23506.0,13994.0,0.0,13994.0,28d
2022-10-20,CH0134866752,1000000,N,84,2022-10-24,2023-01-16,"VR, A",99.849,0.648,12839.0,3300.0,25000.0,28300.0,84d
2022-10-13,CH0134866729,1000000,N,28,2022-10-17,2022-11-14,"VR, A",99.961,0.502,25931.0,14745.0,0.0,14745.0,28d
2022-10-13,CH0134866737,1000000,N,336,2022-10-17,2023-09-18,"VR, A",98.963,1.123,7007.0,3680.0,0.0,3680.0,336d
2022-10-06,CH0134866703,1000000,N,85,2022-10-10,2023-01-03,"VR, A",99.849,0.64,7783.0,2737.0,25000.0,27737.0,84d
2022-10-06,CH0134866695,1000000,N,28,2022-10-10,2022-11-07,"VR, A",99.961,0.502,15913.0,10193.0,25000.0,35193.0,28d
2022-09-29,CH0134866620,1000000,N,28,2022-10-03,2022-10-31,"VR, A",99.9627,0.48,16443.0,11644.0,0.0,11644.0,28d
2022-09-29,CH0134866638,1000000,N,168,2022-10-03,2023-03-20,"VR, A",99.577,0.91,5380.0,4605.0,25000.0,29605.0,168d
2022-09-22,CH0134866562,1000000,N,28,2022-09-26,2022-10-24,"VR, A",99.9665,0.431,32564.0,13953.0,25000.0,38953.0,28d
2022-09-22,CH0134866570,1000000,N,84,2022-09-26,2022-12-19,"VR, A",99.87,0.558,6735.0,3900.0,25000.0,28900.0,84d
2022-09-15,CH0134866521,1000000,N,7,2022-09-19,2022-09-26,"VR, A",100.0,0.0,6.0,6.0,0.0,6.0,7d
2022-09-09,CH0134866497,1000000,A,7,2022-09-12,2022-09-19,"VR, A",100.0,0.0,0.0,0.0,1.0,9.0,7d
2022-09-08,CH0134866497,1000000,N,7,2022-09-12,2022-09-19,"VR, A",100.0,0.0,7.0,7.0,1.0,8.0,7d
2022-09-01,CH0134866463,1000000,N,7,2022-09-05,2022-09-12,"VR, A",100.0,0.0,15.0,15.0,1.0,16.0,7d
2022-08-25,CH0134866430,1000000,N,7,2022-08-29,2022-09-05,"VR, A",100.0,0.0,48.0,48.0,1.0,49.0,7d
2022-08-18,CH0134866406,1000000,N,7,2022-08-22,2022-08-29,"VR, A",100.0,0.0,73.0,73.0,0.0,73.0,7d
2022-08-11,CH0134866372,1000000,N,7,2022-08-15,2022-08-22,"VR, A",100.0,0.0,132.0,132.0,0.0,132.0,7d
