date,snb_bills_outstanding_chf_mn,repo_claims_chf_mn,sight_deposits_chf_mn,total_assets_chf_mn,banknotes_chf_mn,reverse_repo_liabilities_chf_mn,date_str,total_liq_absorption_chf_mn
1996-12-31,,,32447.6,72526.1,1813.8,,1996-12,0.0
1997-01-31,,,29656.0,68322.2,1101.8,,1997-01,0.0
1997-02-28,,,29508.4,68351.1,1104.5,,1997-02,0.0
1997-03-31,,,29986.4,71261.3,1122.6,,1997-03,0.0
1997-04-30,,,29273.2,69906.8,1472.7,,1997-04,0.0
1997-05-31,,,29318.6,71615.9,1130.3,,1997-05,0.0
1997-06-30,,,29437.8,71110.4,1202.0,,1997-06,0.0
1997-07-31,,,29029.0,70276.1,1169.2,,1997-07,0.0
1997-08-31,,,28907.8,69819.3,1138.2,,1997-08,0.0
1997-09-30,,,28793.1,70676.2,1148.6,,1997-09,0.0
1997-10-31,,,29142.0,70428.8,1147.8,,1997-10,0.0
1997-11-30,,,29476.9,70488.0,1137.1,,1997-11,0.0
1997-12-31,,,32141.8,75904.5,1164.7,,1997-12,0.0
1998-01-31,,,29835.8,72469.9,1206.0,,1998-01,0.0
1998-02-28,,,29641.1,72152.2,1201.9,,1998-02,0.0
1998-03-31,,,29601.4,73366.0,1187.6,,1998-03,0.0
1998-04-30,,5230.4,29901.7,75127.4,1193.0,0.0,1998-04,0.0
1998-05-31,,8193.7,29892.7,78909.9,1700.2,0.0,1998-05,0.0
1998-06-30,,8117.6,30000.6,80026.3,1223.8,0.0,1998-06,0.0
1998-07-31,,10557.7,29740.3,81542.8,1173.9,0.0,1998-07,0.0
1998-08-31,,10542.6,29584.4,81725.5,1176.3,0.0,1998-08,0.0
1998-09-30,,12333.0,29691.5,81100.5,1846.7,0.0,1998-09,0.0
1998-10-31,,14268.1,29832.0,85772.9,1216.0,0.0,1998-10,0.0
1998-11-30,,15507.3,30333.7,87552.0,1213.0,0.3,1998-11,0.3
1998-12-31,,17348.3,33218.8,92860.7,1158.1,0.0,1998-12,0.0
1999-01-31,,15778.4,30916.2,88349.3,1206.0,0.0,1999-01,0.0
1999-02-28,,15440.7,30604.5,86509.3,1249.8,0.0,1999-02,0.0
1999-03-31,,15110.9,31386.3,88255.4,1507.3,0.0,1999-03,0.0
1999-04-30,,16942.7,30936.4,89016.3,1200.1,0.0,1999-04,0.0
1999-05-31,,20794.8,30898.9,91899.4,1265.6,0.0,1999-05,0.0
1999-06-30,,20673.7,30919.5,94496.2,1145.3,0.0,1999-06,0.0
1999-07-31,,22152.7,30589.5,92512.6,1186.0,1.1,1999-07,1.1
1999-08-31,,23793.7,30477.7,95865.7,1177.6,0.0,1999-08,0.0
1999-09-30,,19653.3,30877.8,91685.1,1192.1,0.0,1999-09,0.0
1999-10-31,,18552.3,30950.4,90856.4,1176.8,0.0,1999-10,0.0
1999-11-30,,19903.3,32240.4,91827.6,1498.0,0.0,1999-11,0.0
1999-12-31,,28136.0,37184.8,104838.9,1139.9,6.5,1999-12,6.5
2000-01-31,,21796.4,32392.2,92443.5,1201.3,0.0,2000-01,0.0
2000-02-29,,21707.4,31926.6,89601.8,1198.4,0.0,2000-02,0.0
2000-03-31,,20506.7,32049.7,89021.5,1115.3,0.0,2000-03,0.0
2000-04-30,,16959.7,32094.0,85144.1,1221.3,0.0,2000-04,0.0
2000-05-31,,20370.7,31686.6,116894.0,1174.8,0.0,2000-05,0.0
2000-06-30,,24419.7,31844.0,118483.1,1115.4,0.0,2000-06,0.0
2000-07-31,,23007.7,31520.0,117847.2,1181.1,0.0,2000-07,0.0
2000-08-31,,21791.7,31296.5,117132.6,1284.1,0.0,2000-08,0.0
2000-09-30,,24214.5,31577.6,120754.0,1142.7,0.0,2000-09,0.0
2000-10-31,,19321.5,31525.1,116333.9,1324.2,0.0,2000-10,0.0
2000-11-30,,18605.5,32056.5,115741.5,1109.9,0.4,2000-11,0.4
2000-12-31,,24182.0,35485.7,119098.4,1353.0,0.0,2000-12,0.0
2001-01-31,,17967.03161611,32454.750455,109511.41437349,1376.73657203,0.0,2001-01,0.0
2001-02-28,,17321.03161611,32595.64574,110346.25542753,1386.27718979,0.0,2001-02,0.0
2001-03-31,,19001.79301667,32759.74858,112209.76209034,1164.8327702,0.0,2001-03,0.0
2001-04-30,,16731.79301667,33031.35117,111220.43014622,1113.10439973,0.0,2001-04,0.0
2001-05-31,,18807.79301667,33019.33447,113815.29517697,1308.22478364,0.0,2001-05,0.0
2001-06-30,,24403.36224333,33405.638985,121655.99208087,1136.50104449,0.0,2001-06,0.0
2001-07-31,,18410.36224333,33301.99213,115182.91061581,1156.42323829,0.0,2001-07,0.0
2001-08-31,,19012.36224333,33104.14872,116828.50482323,1104.27251174,0.0,2001-08,0.0
2001-09-30,,20233.81287056,33583.74228,114516.39625982,1347.0694183,0.0,2001-09,0.0
2001-10-31,,15007.81287056,33961.96198,109337.60956934,1502.44423402,0.3679114,2001-10,0.3679114
2001-11-30,,16801.81287056,34980.15151,110635.36953339,1370.44206475,0.0,2001-11,0.0
2001-12-31,,25912.091575,39844.68936,120153.13580361,1115.02877235,0.0,2001-12,0.0
2002-01-31,,19488.091575,36188.195855,113399.31805723,1143.07807718,0.0,2002-01,0.0
2002-02-28,,18807.091575,35875.684055,112117.39415068,1209.15566759,0.0,2002-02,0.0
2002-03-31,,22513.03263944,36310.910405,118808.69839352,1124.41358181,0.0,2002-03,0.0
2002-04-30,,21953.03263944,35668.617475,115638.06538989,1128.80759404,0.0,2002-04,0.0
2002-05-31,,25108.03263944,35297.236565,119786.01763729,1140.26999284,0.0,2002-05,0.0
2002-06-30,,30424.45174111,35360.22284,122430.63920241,1567.26926124,0.0,2002-06,0.0
2002-07-31,,22811.45174111,35226.181565,115995.67759388,1594.19424657,0.0,2002-07,0.0
2002-08-31,,24304.45174111,34778.015955,116726.33716394,1600.4058615,0.0,2002-08,0.0
2002-09-30,,27106.20913,34967.79271,122244.42193898,1220.97483855,0.0,2002-09,0.0
2002-10-31,,23009.20913,35050.773455,118787.10336878,1221.67110691,0.0,2002-10,0.0
2002-11-30,,21803.20913,35701.33135,117548.64634514,1289.52165368,0.0,2002-11,0.0
2002-12-31,,27977.17443583,39600.20936,121983.25292975,1587.86408016,0.0,2002-12,0.0
2003-01-31,,19387.17443583,35973.995525,114137.10707685,1733.48756738,0.0,2003-01,0.0
2003-02-28,,20401.17443583,35846.42679,114605.89077949,2153.09463328,0.0,2003-02,0.0
2003-03-31,,23815.35333639,35991.833045,115954.06963627,1373.06065174,0.0,2003-03,0.0
2003-04-30,,23500.35333639,36425.92754,114838.41707849,1384.58462438,0.0,2003-04,0.0
2003-05-31,,28854.35333639,36496.649295,120143.90882886,1402.75977597,0.0,2003-05,0.0
2003-06-30,,30495.47962139,36227.78058,125758.72528347,1291.99892388,0.0,2003-06,0.0
2003-07-31,,27200.47962139,36018.584755,125029.28677791,1323.10974426,0.0,2003-07,0.0
2003-08-31,,26828.47962139,35703.53374,123536.17125987,1340.61828798,0.0,2003-08,0.0
2003-09-30,,26405.35911331,35948.358265,122774.35751173,1495.23464634,0.0,2003-09,0.0
2003-10-31,,21357.35911331,35910.103895,117888.39089104,1507.62860374,0.0,2003-10,0.0
2003-11-30,,23100.35911331,36337.275925,120836.33906563,1515.27344242,0.0,2003-11,0.0
2003-12-31,,27097.66004882,40543.9896,122797.65010814,1630.59477715,0.0,2003-12,0.0
2004-01-31,,21654.66004882,36993.366525,119317.87030734,1667.12561993,0.0,2004-01,0.0
2004-02-29,,21499.66004882,36610.014925,118282.43733695,1654.55622884,0.0,2004-02,0.0
2004-03-31,,23498.38186196,36805.28932,122934.99037651,1221.76947375,0.0,2004-03,0.0
2004-04-30,,22005.38186196,36611.035885,121282.2312219,1229.01216307,0.0,2004-04,0.0
2004-05-31,,24279.38186196,36637.289285,122563.00632669,1197.36923968,0.0,2004-05,0.0
2004-06-30,,25802.76423254,36748.708255,118574.88908091,1275.17958919,0.0,2004-06,0.0
2004-07-31,,24599.0,36143.561605,116310.03128097,957.68357503,0.0,2004-07,0.0
2004-08-31,,24462.0,35986.27211,116758.27316376,946.17839051,0.0,2004-08,0.0
2004-09-30,,26304.32374,36367.517565,122075.43906918,1028.36887547,0.0,2004-09,0.0
2004-10-31,,23500.0,36354.18761,118130.30427461,958.30613285,0.0,2004-10,0.0
2004-11-30,,22210.0,37078.514325,117670.2243269,952.05808536,0.0,2004-11,0.0
2004-12-31,,24502.7311712,39719.25819,117908.79237995,1246.92473895,0.0,2004-12,0.0
2005-01-31,,19501.0,37566.242885,111669.06369088,950.46741282,0.0,2005-01,0.0
2005-02-28,,19502.0,37165.967895,111978.72014084,960.5157637,0.0,2005-02,0.0
2005-03-31,,22214.0410714,37713.856915,116559.86864109,1093.55857896,0.0,2005-03,0.0
2005-04-30,,23003.0,37204.064415,115364.01056515,932.93628619,0.0,2005-04,0.0
2005-05-31,,23002.005012,37120.110985,109534.3270275,965.30476803,0.0,2005-05,0.0
2005-06-30,,25603.42234078,37628.70249,106738.16012241,1027.51030192,0.0,2005-06,0.0
2005-07-31,,21004.0,37429.351875,97609.53233659,984.64219393,0.0,2005-07,0.0
2005-08-31,,20402.0,37170.17646,97222.86305234,1031.98403556,0.0,2005-08,0.0
2005-09-30,,22004.785525,37194.775185,101689.14594632,1023.87267097,0.0,2005-09,0.0
2005-10-31,,19500.0,37345.06332,98408.17524168,963.2174087,0.0,2005-10,0.0
2005-11-30,,22703.0,38110.636665,101918.26064751,957.94580468,0.0,2005-11,0.0
2005-12-31,,26198.5892489,41366.540585,108988.20997797,990.63096152,0.0,2005-12,0.0
2006-01-31,,21001.0,38807.35127,102536.00993654,885.14711341,0.0,2006-01,0.0
2006-02-28,,23509.0,38441.09306,104531.75085746,894.45008041,0.0,2006-02,0.0
2006-03-31,,24585.21748111,38715.522355,108898.45240167,933.19022765,0.0,2006-03,0.0
2006-04-30,,22732.0,38568.04158,106142.17002296,865.27542178,0.0,2006-04,0.0
2006-05-31,,20304.0,38374.401805,103549.94919788,865.96597858,0.0,2006-05,0.0
2006-06-30,,21503.51475917,38293.136435,103753.89518961,927.33750003,0.0,2006-06,0.0
2006-07-31,,20081.0,38314.997625,101921.32504168,867.52983358,0.0,2006-07,0.0
2006-08-31,,20102.0,37886.874675,102074.4632956,869.18999934,0.0,2006-08,0.0
2006-09-30,,21004.614725,38134.343025,104811.58414413,877.02588029,0.0,2006-09,0.0
2006-10-31,,19500.0,38214.276515,102808.27660322,843.50678196,0.0,2006-10,0.0
2006-11-30,,22201.0,38818.9363,105613.39209176,828.22148431,0.0,2006-11,0.0
2006-12-31,,27126.86481306,43182.24464,111813.49592025,836.76482818,0.0,2006-12,0.0
2007-01-31,,21503.0,39538.28014,105766.43119652,841.5357229,0.0,2007-01,0.0
2007-02-28,,22700.0,39246.3511,106645.92081735,834.52431223,0.0,2007-02,0.0
2007-03-31,,23709.95033333,39381.466495,109365.4716361,837.43232872,0.0,2007-03,0.0
2007-04-30,,22501.0,39440.16077,107134.52535075,789.02434298,0.0,2007-04,0.0
2007-05-31,,20705.0,39264.353955,105649.831821,788.11955189,0.0,2007-05,0.0
2007-06-30,,24006.3370675,39306.62215,109440.76961121,846.57281726,0.0,2007-06,0.0
2007-07-31,,21000.0,39022.28519,106198.5084201,816.2865022,0.0,2007-07,0.0
2007-08-31,,21761.0,38535.13277,107077.30733973,816.3110392,0.0,2007-08,0.0
2007-09-30,,22710.40634888,38787.771975,111439.39727089,851.72849778,0.0,2007-09,0.0
2007-10-31,,21700.0,39082.997605,110032.81052424,805.33188258,0.0,2007-10,0.0
2007-11-30,,22206.0,39638.972335,109769.94024061,802.92585442,0.0,2007-11,0.0
2007-12-31,,31025.36449444,44258.59835,126926.89345044,919.81357243,615.0,2007-12,615.0
2008-01-31,,22503.0,40665.256395,116967.2375345,847.13136471,0.0,2008-01,0.0
2008-02-29,,24704.0,40406.017645,114422.04265202,847.20935637,500.0,2008-02,500.0
2008-03-31,,35008.19444444,40997.837595,127287.72456505,954.35382949,1819.0,2008-03,1819.0
2008-04-30,,31202.0,41181.78397,122099.61755385,548.92462812,0.0,2008-04,0.0
2008-05-31,,33503.0,40758.36234,131573.64556703,832.99277886,0.0,2008-05,0.0
2008-06-30,,38231.42795833,40789.58197,136926.98541917,1099.14740064,0.0,2008-06,0.0
2008-07-31,,34212.0,40919.05528,132150.60844502,845.69437856,0.0,2008-07,0.0
2008-08-31,,33306.0,40236.882725,131076.89009385,848.06677667,0.0,2008-08,0.0
2008-09-30,,43211.34833611,41065.385725,163643.90115742,863.18072395,2572.0,2008-09,2572.0
2008-10-31,18684.67552,33247.0,44442.758855,191405.82361167,818.41372207,7850.0,2008-10,26534.67552
2008-11-30,24201.31465,40826.0,44678.392275,196357.04122052,806.56730139,0.0,2008-11,24201.31465
2008-12-31,24424.863582,50320.58315723,49160.829415,214322.63245416,3467.9081074,0.0,2008-12,24424.863582
2009-01-31,25294.806788,38044.0,45334.204,193481.96532681,821.65486274,0.0,2009-01,25294.806788
2009-02-28,29009.572969,39390.0,45599.5394,201274.77000654,830.89788871,0.0,2009-02,29009.572969
2009-03-31,34292.8277922,56788.04328056,45830.964205,238621.01001867,1214.15418374,0.0,2009-03,34292.8277922
2009-04-30,37173.55087214,64931.0,46141.096135,245363.12393273,806.99685925,0.0,2009-04,37173.55087214
2009-05-31,34312.56355079,47347.0,45467.868505,236235.03427234,801.48345515,0.0,2009-05,34312.56355079
2009-06-30,29007.24267141,43788.75859305,45460.76878,242176.49398717,806.09936624,0.0,2009-06,29007.24267141
2009-07-31,24423.00774386,35501.0,45192.745715,216500.95456031,816.40302221,0.0,2009-07,24423.00774386
2009-08-31,25279.05195421,38058.0,44664.686195,220004.82804074,821.1550375,0.0,2009-08,25279.05195421
2009-09-30,26128.55703308,39480.61060694,45141.52826,205727.98984942,888.37350245,0.0,2009-09,26128.55703308
2009-10-31,36481.33645628,33800.0,45324.18791,208561.20555241,790.25132488,0.0,2009-10,36481.33645628
2009-11-30,34787.68407538,35816.0,45919.94269,212433.46053626,790.11130256,0.0,2009-11,34787.68407538
2009-12-31,27473.09239178,36207.85413611,49966.19138,207263.83132262,836.31490169,0.0,2009-12,27473.09239178
2010-01-31,29863.56967639,27816.0,46968.55131,195312.58993231,788.69325173,0.0,2010-01,29863.56967639
2010-02-28,28323.29256454,15308.0,46564.28411,195565.22674404,773.03414408,0.0,2010-02,28323.29256454
2010-03-31,26465.08318663,11194.64935,47909.119215,208904.08568229,788.38689092,0.0,2010-03,26465.08318663
2010-04-30,35106.62229658,2362.0,47033.824825,227301.16561343,766.90013803,0.0,2010-04,35106.62229658
2010-05-31,55010.05536818,0.0,47729.052655,308575.42020595,778.9639639,0.0,2010-05,55010.05536818
2010-06-30,73286.16701121,0.0,47509.337575,301942.95497879,835.35555157,0.0,2010-06,73286.16701121
2010-07-31,79604.56266783,0.0,47171.027215,294361.50935307,767.54581755,19648.0,2010-07,99252.56266783
2010-08-31,116815.69799156,811.0,46974.921815,292378.35022078,772.42723227,22060.0,2010-08,138875.69799155998
2010-09-30,105024.70573302,0.0,47118.09536,284842.25428213,852.59541324,18635.21313056,2010-09,123659.91886358001
2010-10-31,108943.34133861,0.0,47167.402965,281244.02561151,762.99225365,20002.0,2010-10,128945.34133861
2010-11-30,113706.91653521,0.0,48051.143515,280346.37082282,764.73332554,25810.0,2010-11,139516.91653520998
2010-12-31,107869.64842864,0.0,51498.000045,269954.86342904,835.5059627,13182.09624,2010-12,121051.74466863999
2011-01-31,111746.12001262,0.0,49128.47714,273666.93355459,768.11487896,27000.0,2011-01,138746.12001262
2011-02-28,115551.80737861,0.0,48575.10933,273417.47945054,768.3938042,27000.0,2011-02,142551.80737861
2011-03-31,117017.46596072,0.0,49002.80224,276391.54744396,815.46703184,21002.12446223,2011-03,138019.59042295
2011-04-30,112313.71359833,0.05,48995.058765,272405.04179288,743.09978491,26001.0,2011-04,138314.71359832998
2011-05-31,111155.52800437,0.15,48949.92041,266670.34460756,770.65108589,20000.0,2011-05,131155.52800437
2011-06-30,106504.94268163,0.0,48939.68392,258137.98017275,807.71623344,24915.11027778,2011-06,131420.05295941
2011-07-31,109972.70572964,0.0,48680.545185,249593.38346876,780.97947906,26004.0,2011-07,135976.70572964
2011-08-31,43806.35136885,17550.0,48747.85924,365572.69196433,784.20433928,0.0,2011-08,43806.35136885
2011-09-30,34392.54903675,6999.83333333,49485.676935,381459.11689983,902.94495803,0.0,2011-09,34392.54903675
2011-10-31,26870.23144511,25000.0,50523.008175,356453.60221212,756.33833295,0.0,2011-10,26870.23144511
2011-11-30,19962.37268632,33000.0,51848.118785,367759.09729131,748.84582126,0.0,2011-11,19962.37268632
2011-12-31,14719.45938048,18467.9564125,55728.880215,346079.32865519,979.63005496,0.0,2011-12,14719.45938048
2012-01-31,10580.81047817,25000.0,53586.73329,345971.80978695,764.84328228,0.0,2012-01,10580.81047817
2012-02-29,7277.27623946,25000.0,53546.7124,339141.18367105,762.39794183,0.0,2012-02,7277.27623946
2012-03-31,6183.58960731,25059.68725,53791.312065,339872.51751785,818.15565475,0.0,2012-03,6183.58960731
2012-04-30,2869.33144035,19000.0,53906.450515,335771.16455857,768.88754145,0.0,2012-04,2869.33144035
2012-05-31,1532.97507858,2000.0,54217.76652,378472.4215321,779.14674983,0.0,2012-05,1532.97507858
2012-06-30,514.99252896,0.0,54733.59427,434784.71985559,894.15569176,0.0,2012-06,514.99252896
2012-07-31,0.0,0.0,55116.078985,481873.68697719,1690.24804196,0.0,2012-07,0.0
2012-08-31,0.0,0.0,55257.127585,492544.32273406,794.56251213,0.0,2012-08,0.0
2012-09-30,0.0,0.0,55684.380995,503601.61204462,1005.44852832,0.0,2012-09,0.0
2012-10-31,0.0,0.0,56351.99196,497690.98550691,913.71588944,0.0,2012-10,0.0
2012-11-30,0.0,0.0,57587.424135,498849.87311252,899.66658879,0.0,2012-11,0.0
2012-12-31,0.0,0.0,61801.375535,499433.740628,985.82225804,0.0,2012-12,0.0
2013-01-31,0.0,0.0,58917.3496,502690.39100269,898.24547902,0.0,2013-01,0.0
2013-02-28,0.0,0.0,58678.054975,504229.48171601,910.82370415,0.0,2013-02,0.0
2013-03-31,0.0,0.0,59119.63779,511720.5563397,1024.99506034,0.0,2013-03,0.0
2013-04-30,0.0,0.0,59306.960165,504877.8998619,956.06851165,0.0,2013-04,0.0
2013-05-31,0.0,0.0,59624.66155,507143.77800087,961.21103241,0.0,2013-05,0.0
2013-06-30,0.0,0.0,59863.25748,488867.59618023,1050.97936221,0.0,2013-06,0.0
2013-07-31,0.0,0.0,60052.760215,497775.7919981,956.16261942,0.0,2013-07,0.0
2013-08-31,0.0,0.0,59689.24445,498485.60164293,956.36029152,0.0,2013-08,0.0
2013-09-30,0.0,0.0,59810.426085,494905.69511871,1036.08249767,0.0,2013-09,0.0
2013-10-31,0.0,0.0,60160.38503,498460.53050195,965.41208497,0.0,2013-10,0.0
2013-11-30,0.0,0.0,61157.827845,495771.47815078,956.7317788,0.0,2013-11,0.0
2013-12-31,0.0,0.0,65766.360365,490381.96884095,1019.09451329,0.0,2013-12,0.0
2014-01-31,0.0,0.0,62532.763855,497353.01867437,943.08481079,0.0,2014-01,0.0
2014-02-28,0.0,0.0,62294.2732,492641.7743237,927.36467165,0.0,2014-02,0.0
2014-03-31,0.0,0.0,62357.097285,495115.52878801,1001.19966999,0.0,2014-03,0.0
2014-04-30,0.0,0.0,62727.087505,496634.22999749,919.89448796,0.0,2014-04,0.0
2014-05-31,0.0,0.0,62675.096425,500866.41557742,951.9578125,0.0,2014-05,0.0
2014-06-30,0.0,0.0,62775.03662,507962.87823612,1097.09184887,0.0,2014-06,0.0
2014-07-31,0.0,0.0,62705.20634,517329.23325485,992.4870977,0.0,2014-07,0.0
2014-08-31,0.0,29.0,62455.932155,522326.73692129,997.40060387,0.0,2014-08,0.0
2014-09-30,0.0,0.0,62897.02191,522046.1397857,1036.44797868,13.0,2014-09,13.0
2014-10-31,11.00001,0.0,62657.52862,524740.11754735,1029.13807875,0.0,2014-10,11.00001
2014-11-30,0.0,0.0,63648.14039,525304.0716249,1007.08809031,0.0,2014-11,0.0
2014-12-31,0.0,0.0,67595.809155,561201.85941824,867.05909294,0.0,2014-12,0.0
2015-01-31,0.0,0.0,65593.244765,557812.85290471,847.47223542,0.0,2015-01,0.0
2015-02-28,0.0,0.0,66088.42855,568610.36607491,818.20283318,0.0,2015-02,0.0
2015-03-31,0.0,0.0,66897.03725,581347.321371,1045.08003115,0.0,2015-03,0.0
2015-04-30,0.0,0.0,67227.310445,584212.16794872,883.75576828,0.0,2015-04,0.0
2015-05-31,0.0,0.0,67170.406765,573293.99799545,891.62990006,0.0,2015-05,0.0
2015-06-30,0.0,0.0,67436.69859,577025.16269132,1025.33791032,0.0,2015-06,0.0
2015-07-31,0.0,0.0,67284.20173,596703.2520016,894.36118736,0.0,2015-07,0.0
2015-08-31,0.0,0.0,67666.48147,605550.63413685,907.22436059,0.0,2015-08,0.0
2015-09-30,0.0,0.0,68181.98518,613932.95673053,1037.44184984,0.0,2015-09,0.0
2015-10-31,0.0,0.0,68790.52861,620824.93111911,886.92666442,0.0,2015-10,0.0
2015-11-30,0.0,0.0,69385.193875,634877.27881183,847.84561697,0.0,2015-11,0.0
2015-12-31,0.0,0.0,72881.893755,640151.80302469,992.9786909,0.0,2015-12,0.0
2016-01-31,0.0,0.0,71264.080785,649287.24551603,850.41262792,0.0,2016-01,0.0
2016-02-29,0.0,0.0,70969.51465,642152.37448988,864.96805449,0.0,2016-02,0.0
2016-03-31,0.0,0.0,71491.75442,646378.56480745,1066.86503078,0.0,2016-03,0.0
2016-04-30,0.0,0.0,71720.8669,668578.0977402,885.52292953,0.0,2016-04,0.0
2016-05-31,0.0,15.0,72231.8649,675406.11613574,914.60049683,0.0,2016-05,0.0
2016-06-30,0.0,0.0,71810.8309,689594.80171529,1206.53378948,23.0,2016-06,23.0
2016-07-31,52.003345,0.0,72333.550835,695519.7748831,977.38708469,0.0,2016-07,52.003345
2016-08-31,0.0,0.0,72155.10606,710610.41475638,964.0142332,0.0,2016-08,0.0
2016-09-30,0.0,0.0,72682.84847,720271.98002412,1179.85071777,0.0,2016-09,0.0
2016-10-31,0.0,0.0,73112.214035,717433.02224574,871.28233883,0.0,2016-10,0.0
2016-11-30,0.0,0.0,74716.063815,734215.65756279,849.08052877,0.0,2016-11,0.0
2016-12-31,0.0,0.0,78084.371565,746501.96675856,1097.05792699,0.0,2016-12,0.0
2017-01-31,0.0,0.0,76266.23777,725200.26214401,855.59888524,0.0,2017-01,0.0
2017-02-28,0.0,0.0,75675.45024,755318.10439911,837.58588572,0.0,2017-02,0.0
2017-03-31,0.0,0.0,76194.54404,763216.24331236,1137.213859,0.0,2017-03,0.0
2017-04-30,0.0,0.0,76304.218455,782862.5163865,859.76217508,0.0,2017-04,0.0
2017-05-31,0.0,5.0,76291.815555,779664.42793754,871.69417238,0.0,2017-05,0.0
2017-06-30,0.0,0.0,76241.965075,774944.24869439,1150.78707757,8.0,2017-06,8.0
2017-07-31,43.000942,0.0,76503.10959,796925.23662156,880.17054225,0.0,2017-07,43.000942
2017-08-31,0.0,0.0,76070.865385,799888.26427802,875.44729784,0.0,2017-08,0.0
2017-09-30,0.0,0.0,76521.98936,813456.37997522,1162.68108144,0.0,2017-09,0.0
2017-10-31,0.0,0.0,76970.9449,835666.51119243,869.82811231,0.0,2017-10,0.0
2017-11-30,0.0,0.0,78170.25097,836668.83582062,847.65124296,0.0,2017-11,0.0
2017-12-31,0.0,0.0,81638.894365,843306.3746503,1154.3069359,0.0,2017-12,0.0
2018-01-31,0.0,0.0,79622.68,811770.33361529,892.68418238,0.0,2018-01,0.0
2018-02-28,0.0,0.0,79035.11267,819898.1766273,880.79483854,0.0,2018-02,0.0
2018-03-31,0.0,0.0,79566.823695,821257.15015935,1131.9668076,0.0,2018-03,0.0
2018-04-30,0.0,0.0,79142.608815,841377.28003579,904.61712792,52.0,2018-04,52.0
2018-05-31,0.0,0.0,79006.02428,827932.66962505,917.76984404,0.0,2018-05,0.0
2018-06-30,0.0,0.0,79011.668825,836275.35206229,1145.16089946,0.0,2018-06,0.0
2018-07-31,0.0,0.0,79075.14194,827935.27334171,927.80087041,0.0,2018-07,0.0
2018-08-31,0.0,0.0,78877.49664,803258.54033107,924.08926698,0.0,2018-08,0.0
2018-09-30,0.0,0.0,78610.34598,812778.00020788,1428.7830957,0.0,2018-09,0.0
2018-10-31,0.0,0.0,78727.63458,829646.94102208,1033.58440466,0.0,2018-10,0.0
2018-11-30,0.0,0.0,79413.32795,826563.13324648,1025.80765561,0.0,2018-11,0.0
2018-12-31,0.0,0.0,82238.834375,817068.82308447,1237.24344701,0.0,2018-12,0.0
2019-01-31,0.0,0.0,80063.13273,827948.89340409,951.51890355,0.0,2019-01,0.0
2019-02-28,0.0,0.0,79738.84218,809761.80252098,929.89586267,0.0,2019-02,0.0
2019-03-31,0.0,0.0,79988.164175,822290.38308831,1480.32983582,0.0,2019-03,0.0
2019-04-30,0.0,0.0,79705.721295,842894.39912144,1035.94650874,48.0,2019-04,48.0
2019-05-31,0.0,0.0,79527.988505,829995.12484333,1020.42365778,0.0,2019-05,0.0
2019-06-30,0.0,0.0,79306.277085,835055.74566205,1300.01153148,0.0,2019-06,0.0
2019-07-31,0.0,0.0,79222.238465,841830.24823724,999.13671228,0.0,2019-07,0.0
2019-08-31,0.0,0.0,78956.4265,846072.80970052,1018.15941781,0.0,2019-08,0.0
2019-09-30,0.0,0.0,79696.93819,858894.61345751,1463.582338,0.0,2019-09,0.0
2019-10-31,0.0,0.0,79982.933895,861532.90405707,1075.68266419,0.0,2019-10,0.0
2019-11-30,0.0,0.0,81026.383505,864601.02002701,1038.37956514,0.0,2019-11,0.0
2019-12-31,0.0,6529.0,84450.10756,860956.26192845,1201.37290826,0.0,2019-12,0.0
2020-01-31,0.0,0.0,82805.212995,845174.13314483,930.04296061,0.0,2020-01,0.0
2020-02-29,0.0,0.0,82493.640325,851572.58799949,914.48727552,0.0,2020-02,0.0
2020-03-31,0.0,642.0,83224.393,852310.8685656,1408.43229736,0.0,2020-03,0.0
2020-04-30,0.0,6078.0,83781.783695,903488.95247002,1117.83742458,0.0,2020-04,0.0
2020-05-31,0.0,4013.0,84371.78889,918647.29657449,1067.7080488,0.0,2020-05,0.0
2020-06-30,0.0,4654.0,84901.429115,956297.51183067,1439.63688039,0.0,2020-06,0.0
2020-07-31,0.0,4300.0,84748.936435,949277.68527749,1176.07229605,0.0,2020-07,0.0
2020-08-31,0.0,7650.0,84847.823855,951810.95014963,1163.80320117,0.0,2020-08,0.0
2020-09-30,0.0,8217.6156,85263.29898,975014.06256001,1321.39379139,0.0,2020-09,0.0
2020-10-31,0.0,7250.0,85615.809325,972289.5653581,994.84048727,0.0,2020-10,0.0
2020-11-30,0.0,5400.0,86382.055855,977003.44350316,1100.54573913,0.0,2020-11,0.0
2020-12-31,0.0,549.948,89013.625415,999027.86579055,1517.6437136,0.0,2020-12,0.0
2021-01-31,0.0,500.0,87886.884025,997784.82518015,995.93074659,0.0,2021-01,0.0
2021-02-28,0.0,0.0,87805.720495,1012167.23984659,1051.25969944,0.0,2021-02,0.0
2021-03-31,0.0,0.0,88643.790155,1030533.49923537,1578.92242468,0.0,2021-03,0.0
2021-04-30,0.0,0.0,89020.142595,1011154.43634569,986.98850979,0.0,2021-04,0.0
2021-05-31,0.0,0.0,88645.194075,1012146.17897735,1065.43825594,0.0,2021-05,0.0
2021-06-30,0.0,0.0,88395.650555,1041421.01526979,1290.08406872,0.0,2021-06,0.0
2021-07-31,0.0,0.0,88274.244255,1023827.25604118,1021.71562085,0.0,2021-07,0.0
2021-08-31,0.0,0.0,87951.714445,1042215.16963743,1093.57050172,0.0,2021-08,0.0
2021-09-30,0.0,0.0,88032.494855,1050020.5823599,1312.71950957,0.0,2021-09,0.0
2021-10-31,0.0,0.0,88059.736775,1034888.47848851,1117.80949447,0.0,2021-10,0.0
2021-11-30,0.0,0.0,88701.605415,1034628.23744935,1007.76348182,0.0,2021-11,0.0
2021-12-31,0.0,3216.0,90685.258895,1056776.20770448,1464.69361642,0.0,2021-12,0.0
2022-01-31,0.0,574.0,89912.104775,1062886.73500812,1226.95408551,0.0,2022-01,0.0
2022-02-28,0.0,666.0,89728.990905,1057156.11880519,1408.05538067,0.0,2022-02,0.0
2022-03-31,0.0,11398.87977752,90436.326065,1037870.53484008,2177.85086674,0.0,2022-03,0.0
2022-04-30,0.0,19350.0,90570.522075,1066104.07903445,1923.67085355,0.0,2022-04,0.0
2022-05-31,0.0,22378.0,90898.727015,1069286.65657395,1904.66409096,0.0,2022-05,0.0
2022-06-30,0.0,19356.713,90585.907835,990256.90425169,2509.99614728,0.0,2022-06,0.0
2022-07-31,0.0,14871.0,89165.247725,968264.97778819,1775.03016585,0.0,2022-07,0.0
2022-08-31,48.00094,16570.05,85891.145915,964566.69213,2304.24694245,32.0,2022-08,80.00094
2022-09-30,17845.48348672,0.0,82550.172435,889467.37101996,2876.62976892,55280.56206436,2022-09,73126.04555108
2022-10-31,77008.66798407,0.0,81046.066595,902116.46180509,2047.17881769,66065.0,2022-10,143073.66798407
2022-11-30,88519.48073207,0.0,80190.882945,884966.18473204,1907.80008891,62926.0,2022-11,151445.48073207
2022-12-31,98168.809496,0.0,81696.800125,881376.80842027,2321.3001906,67144.75472419,2022-12,165313.56422019
2023-01-31,98095.1420718,0.0,80009.820065,884573.20032008,1943.58075056,63020.0,2023-01,161115.14207180002
2023-02-28,103562.75307039,0.0,78850.04756,877098.42413493,1994.73143232,60611.0,2023-02,164173.75307039
2023-03-31,103579.18218293,0.0,78157.5608,954597.79237868,2449.41388311,71015.86384038,2023-03,174595.04602331
2023-04-30,123458.79367477,0.0,77558.25398,932483.62645521,1992.36556815,90460.0,2023-04,213918.79367477
2023-05-31,132571.1855919,0.0,76642.13916,930723.51444291,1956.71524219,69273.0,2023-05,201844.1855919
2023-06-30,131384.37054347,0.0,75931.93254,885593.05163751,2306.46865275,73947.60945816,2023-06,205331.98000163
2023-07-31,113568.02246468,0.0,75350.47472,850667.09051916,1877.36269842,59965.0,2023-07,173533.02246468002
2023-08-31,100833.6234426,0.0,74722.99952,837248.92072353,1799.74885764,77028.0,2023-08,177861.62344260002
2023-09-30,91146.52288268,0.0,74438.0335,821808.90176805,1970.2352866,64011.75806929,2023-09,155158.28095197
2023-10-31,82679.17254888,0.0,74276.40675,804017.29058763,1733.22162022,62483.0,2023-10,145162.17254888
2023-11-30,83147.15271213,0.0,74569.98954,784769.05762943,1583.41950746,52675.0,2023-11,135822.15271213
2023-12-31,86699.72977995,0.0,76321.37105,794644.12228539,1739.53122414,61667.81293067,2023-12,148367.54271061998
2024-01-31,68726.09153757,0.0,74691.04525,801788.64315367,1520.43949497,64726.0,2024-01,133452.09153757
2024-02-29,68940.31956886,0.0,74146.73156,821686.1259203,1537.51559749,72993.0,2024-02,141933.31956886
2024-03-31,83778.74657588,0.0,74163.94991,848603.13810511,1553.88257563,75961.97134031,2024-03,159740.71791618998
2024-04-30,58837.51532896,0.0,73824.0281,858817.43378339,1418.27402009,70685.0,2024-04,129522.51532896
2024-05-31,53465.56734438,0.0,73492.43611,843750.14753698,1409.74086669,68235.0,2024-05,121700.56734437999
2024-06-30,55885.29602781,0.0,73215.48757,822528.53665863,1511.38570682,77740.19666712,2024-06,133625.49269493
2024-07-31,51145.4446011,0.0,73128.88831,812356.74674541,1381.16400693,79714.0,2024-07,130859.4446011
2024-08-31,47864.8528488,0.0,72198.77932,805691.20018916,1311.30808939,86476.0,2024-08,134340.85284880002
2024-09-30,49626.86327848,0.0,72022.48611,833741.13482952,1322.69275143,67889.88374754,2024-09,117516.74702602
2024-10-31,49495.48449796,0.0,72024.97983,835238.92548122,1011.84680947,83111.0,2024-10,132606.48449796002
2024-11-30,48264.24940109,0.05,72312.70358,843049.27942291,977.46176508,86327.0,2024-11,134591.24940109
2024-12-31,70156.86821654,0.0,74171.8483,854078.22810887,1095.80036979,82549.820875,2024-12,152706.68909154
2025-01-31,54703.24789581,0.0,72995.87817,862126.98726712,989.48412629,107023.0,2025-01,161726.24789581
2025-02-28,57225.46907618,0.0,72592.38282,862431.65472006,980.08337858,103990.0,2025-02,161215.46907618002
2025-03-31,67839.12856674,0.0,72445.85992,866578.16648669,1205.47032408,89389.73547784,2025-03,157228.86404458
2025-04-30,61403.19262108,0.0,72340.85521,843442.87479236,992.62039425,85320.0,2025-04,146723.19262108
2025-05-31,59668.58173042,0.0,71264.699265,836743.44560127,999.16515601,85098.0,2025-05,144766.58173042
2025-06-30,59354.91977249,0.0,71035.683645,852190.64602168,1328.00582193,98304.52963908,2025-06,157659.44941157
2025-07-31,51656.06721472,0.0,70882.514785,855488.44308588,1069.96134818,95635.0,2025-07,147291.06721472
2025-08-31,65319.25517547,0.0,70579.050295,852337.49958474,1068.53176358,71952.0,2025-08,137271.25517547
2025-09-30,67739.89501024,0.0,70597.475105,886578.74545352,1250.56486846,70606.66886575,2025-09,138346.56387599
2025-10-31,76404.17127816,0.0,70687.493485,890500.07499963,1062.69876099,70617.0,2025-10,147021.17127816
2025-11-30,84445.57975313,0.1,71097.825405,896721.63129003,1065.06730288,66822.0,2025-11,151267.57975313
2025-12-31,98714.3834145,0.0,73078.115765,893857.50550826,1224.75523942,61244.55162372,2025-12,159958.93503822
2026-01-31,82104.46888643,0.0,71989.548345,886529.39229951,1091.04575674,75180.0,2026-01,157284.46888643
2026-02-28,82377.68563131,0.0,71389.821115,877670.00099505,1052.21420395,76596.0,2026-02,158973.68563130999
